Order_ID,Date,Customer_ID,Gender,Age,City,Category,Quantity,Unit_Price,Sub_Category,Total_Amount
ORD1000,13-04-2023,CUST373,Male,60,Chennai,Camera,1,27353,DSLR,27353
ORD1001,15-12-2023,CUST515,Male,52,Bengaluru,Accessories,3,74219,Charger,222657
ORD1002,28-09-2023,CUST707,Male,30,Mumbai,Laptop,1,21161,Ultrabook,21161
ORD1003,17-04-2023,CUST838,Female,27,Hyderabad,Mobile,1,50993,Smartphone,50993
ORD1004,13-03-2023,CUST990,Male,61,Ahmedabad,Camera,4,36995,Mirrorless,147980
ORD1005,08-07-2023,CUST138,Female,64,Ahmedabad,Mobile,1,14203,Feature Phone,14203
ORD1006,21-01-2023,CUST913,Male,27,Chennai,Accessories,2,53580,Charger,107160
ORD1007,13-04-2023,CUST128,Female,63,Hyderabad,Camera,1,31315,Mirrorless,31315
ORD1008,02-05-2023,CUST576,Male,30,Ahmedabad,Tablet,3,30065,Android Tablet,90195
ORD1009,03-08-2023,CUST417,Female,54,Hyderabad,Laptop,3,63821,Gaming Laptop,191463
ORD1010,27-11-2023,CUST344,Female,55,Pune,Accessories,2,58953,Headphones,117906
ORD1011,29-03-2023,CUST847,Male,41,Kolkata,Accessories,3,33661,Headphones,100983
ORD1012,10-04-2023,CUST796,Female,19,Mumbai,Laptop,3,56491,Gaming Laptop,169473
ORD1013,26-12-2023,CUST371,Female,39,Hyderabad,Laptop,4,10216,Gaming Laptop,40864
ORD1014,01-06-2023,CUST539,Female,34,Delhi,Tablet,2,33849,Android Tablet,67698
ORD1015,11-05-2023,CUST847,Female,53,Bengaluru,Accessories,4,47598,Cover,190392
ORD1016,30-05-2023,CUST338,Female,31,Delhi,Accessories,4,632,Cover,2528
ORD1017,05-11-2023,CUST476,Female,27,Ahmedabad,Mobile,1,52490,Smartphone,52490
ORD1018,15-09-2023,CUST365,Female,52,Pune,Camera,2,69421,Mirrorless,138842
ORD1019,10-12-2023,CUST458,Female,42,Pune,Camera,1,37038,DSLR,37038
ORD1020,21-10-2023,CUST439,Male,20,Delhi,Mobile,1,7713,Smartphone,7713
ORD1021,11-07-2023,CUST488,Male,64,Mumbai,Camera,4,44723,Mirrorless,178892
ORD1022,04-10-2023,CUST676,Female,55,Delhi,Laptop,3,68871,Gaming Laptop,206613
ORD1023,10-06-2023,CUST788,Female,34,Chennai,Camera,2,68774,DSLR,137548
ORD1024,10-11-2023,CUST102,Male,29,Ahmedabad,Camera,3,4634,Mirrorless,13902
ORD1025,22-01-2023,CUST528,Male,41,Ahmedabad,Mobile,4,40101,Smartphone,160404
ORD1026,10-09-2023,CUST241,Male,46,Delhi,Tablet,4,74389,iPad,297556
ORD1027,24-08-2023,CUST475,Female,60,Bengaluru,Camera,4,16190,DSLR,64760
ORD1028,11-12-2023,CUST769,Male,42,Bengaluru,Camera,4,2409,DSLR,9636
ORD1029,18-02-2023,CUST423,Female,53,Ahmedabad,Tablet,4,12562,Android Tablet,50248
ORD1030,28-02-2023,CUST245,Female,43,Kolkata,Mobile,4,75886,Feature Phone,303544
ORD1031,19-06-2023,CUST392,Male,55,Bengaluru,Tablet,3,35231,iPad,105693
ORD1032,07-07-2023,CUST764,Female,18,Delhi,Mobile,1,5653,Feature Phone,5653
ORD1033,28-09-2023,CUST531,Female,37,Bengaluru,Laptop,3,10981,Gaming Laptop,32943
ORD1034,09-07-2023,CUST804,Female,45,Ahmedabad,Mobile,2,66925,Smartphone,133850
ORD1035,24-06-2023,CUST684,Female,33,Mumbai,Laptop,3,64100,Ultrabook,192300
ORD1036,20-02-2023,CUST498,Male,64,Hyderabad,Laptop,4,72497,Ultrabook,289988
ORD1037,30-12-2023,CUST916,Male,34,Bengaluru,Mobile,3,28705,Smartphone,86115
ORD1038,24-02-2023,CUST988,Female,57,Chennai,Accessories,1,44649,Cover,44649
ORD1039,01-09-2023,CUST443,Female,45,Mumbai,Mobile,2,49612,Smartphone,99224
ORD1040,16-11-2023,CUST239,Male,29,Kolkata,Camera,3,11440,DSLR,34320
ORD1041,11-05-2023,CUST286,Female,44,Chennai,Camera,1,59510,Mirrorless,59510
ORD1042,03-11-2023,CUST904,Male,59,Delhi,Accessories,3,77294,Cover,231882
ORD1043,15-05-2023,CUST160,Female,64,Hyderabad,Laptop,2,24985,Gaming Laptop,49970
ORD1044,21-01-2023,CUST479,Female,47,Delhi,Accessories,3,1567,Headphones,4701
ORD1045,25-11-2023,CUST809,Male,58,Hyderabad,Camera,4,21107,DSLR,84428
ORD1046,16-06-2023,CUST906,Male,51,Hyderabad,Accessories,3,62097,Cover,186291
ORD1047,01-10-2023,CUST539,Male,54,Delhi,Mobile,1,75054,Smartphone,75054
ORD1048,30-03-2023,CUST418,Male,23,Chennai,Accessories,3,49021,Headphones,147063
ORD1049,12-11-2023,CUST401,Female,24,Chennai,Laptop,1,15687,Ultrabook,15687
ORD1050,14-01-2023,CUST443,Male,49,Hyderabad,Mobile,2,4485,Feature Phone,8970
ORD1051,30-08-2023,CUST110,Female,49,Chennai,Tablet,3,43552,iPad,130656
ORD1052,22-09-2023,CUST161,Male,42,Hyderabad,Camera,2,20063,DSLR,40126
ORD1053,12-12-2023,CUST944,Male,50,Ahmedabad,Camera,2,47822,Mirrorless,95644
ORD1054,22-02-2023,CUST325,Female,24,Hyderabad,Accessories,3,61745,Headphones,185235
ORD1055,06-12-2023,CUST252,Male,29,Ahmedabad,Mobile,1,52014,Smartphone,52014
ORD1056,02-04-2023,CUST810,Male,33,Mumbai,Tablet,2,19108,Android Tablet,38216
ORD1057,21-09-2023,CUST663,Male,33,Pune,Mobile,2,67762,Smartphone,135524
ORD1058,04-02-2023,CUST871,Male,60,Mumbai,Camera,3,71827,Mirrorless,215481
ORD1059,25-07-2023,CUST670,Female,53,Delhi,Mobile,3,57725,Smartphone,173175
ORD1060,22-03-2023,CUST683,Female,30,Pune,Tablet,3,74494,Android Tablet,223482
ORD1061,19-02-2023,CUST759,Male,24,Bengaluru,Accessories,3,17721,Charger,53163
ORD1062,26-12-2023,CUST960,Male,53,Delhi,Laptop,3,49006,Ultrabook,147018
ORD1063,02-01-2023,CUST674,Male,64,Kolkata,Mobile,4,21468,Feature Phone,85872
ORD1064,23-02-2023,CUST409,Female,26,Mumbai,Laptop,3,28437,Gaming Laptop,85311
ORD1065,16-04-2023,CUST984,Female,49,Chennai,Camera,1,62935,Mirrorless,62935
ORD1066,17-09-2023,CUST342,Female,28,Mumbai,Accessories,2,50008,Cover,100016
ORD1067,06-11-2023,CUST592,Female,25,Chennai,Accessories,1,42331,Cover,42331
ORD1068,10-07-2023,CUST465,Male,50,Pune,Mobile,1,43433,Feature Phone,43433
ORD1069,06-08-2023,CUST429,Male,40,Kolkata,Accessories,4,47807,Charger,191228
ORD1070,13-02-2023,CUST206,Male,42,Pune,Mobile,3,48840,Smartphone,146520
ORD1071,11-06-2023,CUST325,Female,25,Kolkata,Mobile,2,44101,Smartphone,88202
ORD1072,21-07-2023,CUST924,Male,62,Mumbai,Laptop,1,76456,Gaming Laptop,76456
ORD1073,27-09-2023,CUST317,Female,39,Chennai,Accessories,3,72678,Headphones,218034
ORD1074,17-12-2023,CUST852,Female,21,Pune,Mobile,3,29254,Smartphone,87762
ORD1075,31-10-2023,CUST605,Male,57,Kolkata,Laptop,4,43810,Gaming Laptop,175240
ORD1076,28-09-2023,CUST358,Male,20,Hyderabad,Tablet,4,70393,iPad,281572
ORD1077,03-08-2023,CUST987,Male,46,Delhi,Laptop,4,48867,Gaming Laptop,195468
ORD1078,09-09-2023,CUST873,Female,58,Delhi,Laptop,2,13701,Ultrabook,27402
ORD1079,09-07-2023,CUST616,Female,46,Pune,Mobile,1,3239,Feature Phone,3239
ORD1080,23-10-2023,CUST872,Male,51,Chennai,Camera,4,13731,Mirrorless,54924
ORD1081,01-08-2023,CUST153,Male,51,Hyderabad,Camera,4,42995,Mirrorless,171980
ORD1082,27-07-2023,CUST146,Female,45,Pune,Camera,4,21668,Mirrorless,86672
ORD1083,25-08-2023,CUST826,Male,30,Mumbai,Laptop,1,33124,Gaming Laptop,33124
ORD1084,04-12-2023,CUST788,Female,32,Kolkata,Mobile,1,11135,Smartphone,11135
ORD1085,22-02-2023,CUST620,Female,40,Ahmedabad,Accessories,4,10464,Cover,41856
ORD1086,07-10-2023,CUST198,Male,61,Mumbai,Laptop,4,28285,Gaming Laptop,113140
ORD1087,05-08-2023,CUST119,Male,43,Delhi,Laptop,3,77428,Ultrabook,232284
ORD1088,09-09-2023,CUST989,Male,21,Kolkata,Mobile,4,12836,Feature Phone,51344
ORD1089,07-07-2023,CUST852,Male,43,Pune,Tablet,2,77975,iPad,155950
ORD1090,10-02-2023,CUST672,Female,57,Mumbai,Laptop,2,27912,Gaming Laptop,55824
ORD1091,06-06-2023,CUST990,Female,26,Bengaluru,Tablet,4,75879,Android Tablet,303516
ORD1092,15-01-2023,CUST589,Female,22,Ahmedabad,Tablet,1,46091,Android Tablet,46091
ORD1093,28-10-2023,CUST518,Male,49,Chennai,Camera,3,62250,DSLR,186750
ORD1094,06-03-2023,CUST789,Female,37,Hyderabad,Mobile,1,35954,Feature Phone,35954
ORD1095,11-12-2023,CUST949,Male,28,Hyderabad,Tablet,4,63172,iPad,252688
ORD1096,23-11-2023,CUST161,Male,32,Chennai,Mobile,2,27728,Smartphone,55456
ORD1097,09-01-2023,CUST244,Male,49,Bengaluru,Camera,3,14929,DSLR,44787
ORD1098,10-12-2023,CUST315,Male,45,Delhi,Mobile,1,68308,Feature Phone,68308
ORD1099,09-05-2023,CUST102,Male,39,Kolkata,Laptop,1,53515,Ultrabook,53515
ORD1100,16-05-2023,CUST259,Male,58,Chennai,Tablet,4,69436,iPad,277744
ORD1101,04-03-2023,CUST838,Female,34,Bengaluru,Mobile,3,57878,Feature Phone,173634
ORD1102,19-05-2023,CUST880,Male,43,Pune,Accessories,2,37810,Headphones,75620
ORD1103,22-03-2023,CUST219,Female,61,Ahmedabad,Mobile,4,69327,Feature Phone,277308
ORD1104,12-06-2023,CUST992,Female,24,Hyderabad,Tablet,3,35756,iPad,107268
ORD1105,16-10-2023,CUST188,Male,59,Ahmedabad,Camera,1,76928,Mirrorless,76928
ORD1106,18-09-2023,CUST428,Male,43,Bengaluru,Camera,4,39389,Mirrorless,157556
ORD1107,19-08-2023,CUST679,Male,42,Ahmedabad,Tablet,1,51928,Android Tablet,51928
ORD1108,10-02-2023,CUST456,Female,27,Delhi,Laptop,1,37707,Gaming Laptop,37707
ORD1109,28-01-2023,CUST709,Male,62,Delhi,Laptop,4,50755,Gaming Laptop,203020
ORD1110,15-05-2023,CUST366,Female,36,Mumbai,Camera,4,5909,DSLR,23636
ORD1111,20-07-2023,CUST716,Male,28,Chennai,Camera,4,42938,DSLR,171752
ORD1112,24-11-2023,CUST422,Male,30,Mumbai,Tablet,4,8369,Android Tablet,33476
ORD1113,25-09-2023,CUST734,Female,25,Ahmedabad,Laptop,4,57362,Ultrabook,229448
ORD1114,02-02-2023,CUST640,Female,57,Hyderabad,Camera,1,26458,Mirrorless,26458
ORD1115,17-02-2023,CUST748,Male,21,Bengaluru,Laptop,2,76802,Ultrabook,153604
ORD1116,03-03-2023,CUST294,Female,64,Kolkata,Camera,2,20268,Mirrorless,40536
ORD1117,04-08-2023,CUST837,Female,48,Ahmedabad,Mobile,4,26645,Smartphone,106580
ORD1118,20-10-2023,CUST431,Female,45,Kolkata,Accessories,1,76122,Headphones,76122
ORD1119,09-04-2023,CUST269,Female,28,Delhi,Mobile,2,26942,Feature Phone,53884
ORD1120,21-06-2023,CUST620,Female,60,Kolkata,Camera,2,26096,Mirrorless,52192
ORD1121,26-12-2023,CUST562,Male,18,Kolkata,Accessories,2,76291,Cover,152582
ORD1122,02-08-2023,CUST139,Male,64,Hyderabad,Accessories,1,42906,Charger,42906
ORD1123,04-02-2023,CUST636,Female,55,Kolkata,Camera,4,41024,DSLR,164096
ORD1124,15-08-2023,CUST360,Male,41,Ahmedabad,Camera,4,23832,DSLR,95328
ORD1125,11-04-2023,CUST494,Male,64,Bengaluru,Laptop,4,16264,Ultrabook,65056
ORD1126,11-05-2023,CUST325,Female,48,Kolkata,Camera,3,28063,DSLR,84189
ORD1127,14-09-2023,CUST223,Male,58,Pune,Tablet,3,36870,Android Tablet,110610
ORD1128,05-01-2023,CUST137,Female,63,Kolkata,Camera,3,5562,Mirrorless,16686
ORD1129,06-08-2023,CUST427,Female,43,Kolkata,Tablet,1,45145,iPad,45145
ORD1130,12-09-2023,CUST350,Male,22,Mumbai,Camera,2,7744,Mirrorless,15488
ORD1131,25-12-2023,CUST275,Female,37,Bengaluru,Laptop,2,6872,Ultrabook,13744
ORD1132,10-10-2023,CUST701,Female,58,Ahmedabad,Tablet,1,64971,iPad,64971
ORD1133,26-07-2023,CUST553,Female,28,Delhi,Mobile,1,17456,Feature Phone,17456
ORD1134,15-01-2023,CUST136,Female,50,Mumbai,Tablet,4,40973,Android Tablet,163892
ORD1135,12-12-2023,CUST415,Female,55,Ahmedabad,Laptop,4,14394,Ultrabook,57576
ORD1136,11-02-2023,CUST787,Male,44,Chennai,Tablet,3,70086,iPad,210258
ORD1137,28-06-2023,CUST895,Male,51,Bengaluru,Camera,3,17209,DSLR,51627
ORD1138,04-03-2023,CUST692,Female,32,Pune,Camera,1,15710,Mirrorless,15710
ORD1139,18-12-2023,CUST213,Female,49,Bengaluru,Laptop,3,50010,Gaming Laptop,150030
ORD1140,19-08-2023,CUST139,Male,38,Chennai,Accessories,2,39174,Charger,78348
ORD1141,29-08-2023,CUST400,Female,63,Chennai,Camera,1,18233,DSLR,18233
ORD1142,21-02-2023,CUST323,Male,22,Chennai,Mobile,1,20580,Feature Phone,20580
ORD1143,06-04-2023,CUST417,Female,23,Hyderabad,Laptop,2,53912,Gaming Laptop,107824
ORD1144,10-08-2023,CUST448,Female,55,Delhi,Tablet,4,59471,iPad,237884
ORD1145,19-08-2023,CUST214,Female,39,Kolkata,Tablet,4,40209,iPad,160836
ORD1146,25-08-2023,CUST797,Female,35,Bengaluru,Mobile,2,60346,Smartphone,120692
ORD1147,23-05-2023,CUST422,Female,31,Ahmedabad,Camera,2,65980,Mirrorless,131960
ORD1148,20-06-2023,CUST667,Female,27,Hyderabad,Laptop,3,53460,Ultrabook,160380
ORD1149,29-01-2023,CUST139,Female,63,Ahmedabad,Mobile,1,41652,Smartphone,41652
ORD1150,05-02-2023,CUST965,Male,30,Kolkata,Camera,3,27750,Mirrorless,83250
ORD1151,13-01-2023,CUST139,Male,48,Kolkata,Laptop,2,48637,Gaming Laptop,97274
ORD1152,09-06-2023,CUST958,Male,47,Pune,Tablet,3,46912,iPad,140736
ORD1153,23-11-2023,CUST848,Female,20,Chennai,Laptop,2,44376,Gaming Laptop,88752
ORD1154,06-07-2023,CUST388,Female,47,Delhi,Accessories,3,74164,Headphones,222492
ORD1155,31-08-2023,CUST361,Female,23,Pune,Laptop,3,50727,Gaming Laptop,152181
ORD1156,27-03-2023,CUST315,Female,46,Mumbai,Accessories,4,32950,Charger,131800
ORD1157,11-10-2023,CUST246,Female,25,Hyderabad,Laptop,2,74204,Gaming Laptop,148408
ORD1158,07-03-2023,CUST435,Female,61,Hyderabad,Accessories,3,7361,Charger,22083
ORD1159,19-06-2023,CUST267,Female,62,Delhi,Tablet,1,62414,Android Tablet,62414
ORD1160,14-02-2023,CUST191,Male,60,Kolkata,Camera,3,64388,Mirrorless,193164
ORD1161,03-03-2023,CUST452,Female,61,Ahmedabad,Accessories,3,79786,Charger,239358
ORD1162,14-05-2023,CUST670,Male,50,Hyderabad,Accessories,1,61793,Headphones,61793
ORD1163,11-10-2023,CUST670,Male,34,Delhi,Tablet,2,69015,Android Tablet,138030
ORD1164,28-01-2023,CUST915,Female,28,Hyderabad,Accessories,4,24024,Charger,96096
ORD1165,18-04-2023,CUST780,Female,30,Hyderabad,Mobile,4,7565,Feature Phone,30260
ORD1166,13-02-2023,CUST880,Male,28,Chennai,Tablet,4,38184,iPad,152736
ORD1167,06-12-2023,CUST462,Male,48,Mumbai,Mobile,1,33865,Feature Phone,33865
ORD1168,13-10-2023,CUST656,Female,45,Chennai,Tablet,3,59376,iPad,178128
ORD1169,27-11-2023,CUST444,Female,61,Mumbai,Accessories,2,24204,Cover,48408
ORD1170,08-05-2023,CUST792,Male,23,Hyderabad,Mobile,3,58357,Feature Phone,175071
ORD1171,14-12-2023,CUST269,Female,58,Pune,Accessories,4,6122,Headphones,24488
ORD1172,19-08-2023,CUST455,Female,33,Ahmedabad,Tablet,3,79832,Android Tablet,239496
ORD1173,09-07-2023,CUST290,Female,21,Kolkata,Accessories,1,66701,Cover,66701
ORD1174,13-08-2023,CUST766,Male,52,Hyderabad,Mobile,1,33194,Feature Phone,33194
ORD1175,10-10-2023,CUST521,Male,43,Mumbai,Mobile,2,23495,Smartphone,46990
ORD1176,01-05-2023,CUST799,Male,29,Mumbai,Accessories,2,8919,Headphones,17838
ORD1177,26-04-2023,CUST106,Female,28,Mumbai,Laptop,4,48452,Gaming Laptop,193808
ORD1178,21-08-2023,CUST232,Female,54,Hyderabad,Tablet,2,34337,Android Tablet,68674
ORD1179,16-09-2023,CUST846,Male,42,Delhi,Tablet,3,71299,iPad,213897
ORD1180,25-12-2023,CUST656,Male,35,Pune,Accessories,1,49377,Charger,49377
ORD1181,17-07-2023,CUST925,Male,36,Delhi,Laptop,1,46187,Gaming Laptop,46187
ORD1182,17-05-2023,CUST860,Female,40,Kolkata,Mobile,1,37776,Smartphone,37776
ORD1183,14-11-2023,CUST130,Male,55,Hyderabad,Camera,2,35023,DSLR,70046
ORD1184,14-06-2023,CUST634,Male,35,Mumbai,Camera,1,66555,DSLR,66555
ORD1185,13-08-2023,CUST525,Female,43,Pune,Accessories,1,55115,Cover,55115
ORD1186,03-11-2023,CUST493,Female,23,Pune,Laptop,1,11014,Gaming Laptop,11014
ORD1187,22-08-2023,CUST771,Female,21,Bengaluru,Laptop,4,47956,Ultrabook,191824
ORD1188,21-06-2023,CUST462,Male,61,Kolkata,Tablet,4,7733,iPad,30932
ORD1189,01-06-2023,CUST536,Female,46,Ahmedabad,Mobile,2,1602,Smartphone,3204
ORD1190,11-11-2023,CUST769,Female,51,Ahmedabad,Laptop,1,66633,Ultrabook,66633
ORD1191,09-06-2023,CUST650,Male,34,Pune,Camera,2,47215,DSLR,94430
ORD1192,06-04-2023,CUST181,Female,60,Hyderabad,Mobile,1,6756,Smartphone,6756
ORD1193,21-08-2023,CUST455,Male,60,Mumbai,Mobile,1,65300,Feature Phone,65300
ORD1194,29-06-2023,CUST357,Male,33,Mumbai,Accessories,1,42048,Headphones,42048
ORD1195,23-04-2023,CUST817,Female,19,Pune,Laptop,2,72590,Ultrabook,145180
ORD1196,14-11-2023,CUST688,Female,51,Delhi,Accessories,2,78700,Cover,157400
ORD1197,21-02-2023,CUST623,Female,25,Kolkata,Laptop,1,42867,Gaming Laptop,42867
ORD1198,25-09-2023,CUST394,Female,30,Mumbai,Tablet,3,70882,iPad,212646
ORD1199,22-10-2023,CUST323,Female,59,Pune,Accessories,2,26705,Cover,53410
ORD1200,23-04-2023,CUST624,Female,25,Mumbai,Accessories,4,26070,Headphones,104280
ORD1201,11-04-2023,CUST145,Male,47,Ahmedabad,Camera,2,30755,DSLR,61510
ORD1202,23-04-2023,CUST766,Male,49,Pune,Accessories,1,21682,Charger,21682
ORD1203,22-03-2023,CUST212,Female,53,Kolkata,Laptop,3,39873,Gaming Laptop,119619
ORD1204,06-07-2023,CUST332,Male,64,Pune,Camera,1,43519,DSLR,43519
ORD1205,23-04-2023,CUST116,Female,47,Bengaluru,Accessories,4,63119,Headphones,252476
ORD1206,02-01-2023,CUST459,Male,18,Pune,Accessories,2,16543,Charger,33086
ORD1207,10-05-2023,CUST322,Male,60,Pune,Tablet,2,46032,iPad,92064
ORD1208,08-08-2023,CUST965,Male,56,Hyderabad,Accessories,1,66436,Charger,66436
ORD1209,23-02-2023,CUST799,Female,34,Ahmedabad,Mobile,1,19739,Feature Phone,19739
ORD1210,09-12-2023,CUST547,Male,37,Kolkata,Camera,4,10916,Mirrorless,43664
ORD1211,12-08-2023,CUST955,Female,41,Hyderabad,Mobile,3,3912,Smartphone,11736
ORD1212,13-08-2023,CUST464,Male,39,Pune,Camera,4,24906,Mirrorless,99624
ORD1213,06-05-2023,CUST774,Male,46,Kolkata,Tablet,3,2375,iPad,7125
ORD1214,10-05-2023,CUST425,Male,39,Bengaluru,Accessories,2,37566,Cover,75132
ORD1215,22-02-2023,CUST566,Male,61,Kolkata,Accessories,3,6252,Cover,18756
ORD1216,21-06-2023,CUST513,Male,26,Mumbai,Accessories,3,78525,Charger,235575
ORD1217,06-08-2023,CUST554,Female,54,Hyderabad,Camera,2,1853,DSLR,3706
ORD1218,09-06-2023,CUST685,Female,27,Kolkata,Accessories,2,27486,Cover,54972
ORD1219,17-07-2023,CUST332,Male,53,Ahmedabad,Mobile,2,15191,Feature Phone,30382
ORD1220,04-09-2023,CUST323,Male,54,Bengaluru,Accessories,4,70347,Charger,281388
ORD1221,20-11-2023,CUST930,Male,45,Chennai,Tablet,2,48575,Android Tablet,97150
ORD1222,22-07-2023,CUST511,Male,45,Pune,Mobile,1,11294,Smartphone,11294
ORD1223,03-07-2023,CUST671,Female,59,Kolkata,Accessories,2,68970,Headphones,137940
ORD1224,03-05-2023,CUST434,Male,60,Pune,Accessories,2,16906,Headphones,33812
ORD1225,12-09-2023,CUST321,Female,38,Delhi,Laptop,2,76430,Gaming Laptop,152860
ORD1226,21-10-2023,CUST136,Male,41,Mumbai,Camera,3,27372,DSLR,82116
ORD1227,07-10-2023,CUST377,Female,59,Hyderabad,Mobile,4,42208,Smartphone,168832
ORD1228,21-11-2023,CUST295,Male,57,Mumbai,Laptop,2,21300,Ultrabook,42600
ORD1229,08-04-2023,CUST963,Male,19,Delhi,Tablet,4,43897,Android Tablet,175588
ORD1230,17-07-2023,CUST583,Female,25,Delhi,Camera,1,38409,Mirrorless,38409
ORD1231,28-08-2023,CUST341,Male,44,Hyderabad,Mobile,1,21852,Feature Phone,21852
ORD1232,24-05-2023,CUST423,Male,39,Kolkata,Accessories,2,15938,Cover,31876
ORD1233,07-04-2023,CUST830,Male,54,Delhi,Mobile,1,45499,Smartphone,45499
ORD1234,20-07-2023,CUST291,Female,44,Chennai,Accessories,4,18982,Headphones,75928
ORD1235,04-05-2023,CUST116,Male,46,Pune,Camera,3,32971,DSLR,98913
ORD1236,06-07-2023,CUST623,Male,20,Pune,Accessories,2,47779,Charger,95558
ORD1237,22-11-2023,CUST500,Female,61,Bengaluru,Tablet,1,54713,iPad,54713
ORD1238,15-12-2023,CUST985,Female,30,Ahmedabad,Accessories,4,13526,Cover,54104
ORD1239,16-09-2023,CUST804,Female,62,Delhi,Tablet,4,5935,Android Tablet,23740
ORD1240,28-05-2023,CUST121,Male,27,Delhi,Camera,1,8993,Mirrorless,8993
ORD1241,09-09-2023,CUST573,Male,53,Chennai,Camera,4,72727,DSLR,290908
ORD1242,12-12-2023,CUST219,Male,26,Mumbai,Mobile,4,59821,Feature Phone,239284
ORD1243,27-05-2023,CUST309,Female,44,Mumbai,Tablet,2,3263,Android Tablet,6526
ORD1244,28-05-2023,CUST405,Male,51,Pune,Tablet,4,20889,iPad,83556
ORD1245,18-12-2023,CUST369,Male,18,Pune,Laptop,1,31998,Gaming Laptop,31998
ORD1246,18-07-2023,CUST803,Female,49,Kolkata,Laptop,2,64255,Ultrabook,128510
ORD1247,04-11-2023,CUST786,Female,42,Hyderabad,Laptop,1,36325,Gaming Laptop,36325
ORD1248,08-05-2023,CUST384,Female,46,Ahmedabad,Accessories,3,17434,Headphones,52302
ORD1249,08-02-2023,CUST815,Female,24,Chennai,Laptop,1,6074,Ultrabook,6074
ORD1250,04-12-2023,CUST775,Female,20,Hyderabad,Tablet,1,38679,Android Tablet,38679
ORD1251,26-12-2023,CUST862,Male,37,Hyderabad,Accessories,2,2087,Cover,4174
ORD1252,09-05-2023,CUST326,Female,37,Bengaluru,Camera,4,43282,Mirrorless,173128
ORD1253,24-09-2023,CUST480,Male,47,Hyderabad,Mobile,1,54912,Smartphone,54912
ORD1254,31-05-2023,CUST559,Male,52,Bengaluru,Laptop,2,61061,Gaming Laptop,122122
ORD1255,25-10-2023,CUST106,Female,52,Hyderabad,Camera,3,77724,DSLR,233172
ORD1256,09-04-2023,CUST128,Female,56,Chennai,Tablet,2,4909,iPad,9818
ORD1257,20-09-2023,CUST132,Female,44,Bengaluru,Mobile,2,71819,Feature Phone,143638
ORD1258,09-09-2023,CUST745,Male,43,Mumbai,Camera,4,27251,Mirrorless,109004
ORD1259,24-05-2023,CUST978,Female,31,Bengaluru,Mobile,1,38674,Feature Phone,38674
ORD1260,12-12-2023,CUST178,Female,34,Bengaluru,Laptop,3,57072,Ultrabook,171216
ORD1261,22-04-2023,CUST558,Female,35,Chennai,Tablet,2,61916,Android Tablet,123832
ORD1262,01-03-2023,CUST669,Female,62,Chennai,Mobile,1,12541,Smartphone,12541
ORD1263,02-01-2023,CUST637,Female,46,Bengaluru,Camera,1,23727,Mirrorless,23727
ORD1264,31-10-2023,CUST581,Male,37,Ahmedabad,Laptop,2,35701,Gaming Laptop,71402
ORD1265,11-09-2023,CUST529,Male,44,Delhi,Laptop,1,36569,Gaming Laptop,36569
ORD1266,20-05-2023,CUST837,Male,35,Ahmedabad,Camera,2,26870,DSLR,53740
ORD1267,06-02-2023,CUST384,Female,21,Chennai,Camera,2,12086,DSLR,24172
ORD1268,09-06-2023,CUST615,Female,18,Ahmedabad,Mobile,2,50731,Feature Phone,101462
ORD1269,09-01-2023,CUST198,Female,18,Ahmedabad,Accessories,3,5822,Charger,17466
ORD1270,21-08-2023,CUST496,Male,43,Kolkata,Laptop,2,65794,Gaming Laptop,131588
ORD1271,09-04-2023,CUST588,Female,62,Kolkata,Mobile,4,79968,Smartphone,319872
ORD1272,27-05-2023,CUST138,Female,37,Mumbai,Camera,1,29799,Mirrorless,29799
ORD1273,31-10-2023,CUST370,Female,40,Hyderabad,Mobile,3,71293,Smartphone,213879
ORD1274,27-07-2023,CUST986,Male,27,Bengaluru,Camera,1,47001,DSLR,47001
ORD1275,11-05-2023,CUST896,Female,28,Delhi,Tablet,3,57634,Android Tablet,172902
ORD1276,01-06-2023,CUST256,Male,58,Mumbai,Camera,4,10277,Mirrorless,41108
ORD1277,23-02-2023,CUST174,Female,58,Bengaluru,Camera,3,11749,Mirrorless,35247
ORD1278,30-04-2023,CUST983,Male,22,Ahmedabad,Camera,3,21890,DSLR,65670
ORD1279,10-06-2023,CUST899,Male,18,Chennai,Accessories,3,20869,Cover,62607
ORD1280,26-04-2023,CUST229,Male,34,Kolkata,Camera,1,13381,DSLR,13381
ORD1281,16-03-2023,CUST786,Female,39,Pune,Laptop,2,10087,Gaming Laptop,20174
ORD1282,23-04-2023,CUST183,Female,51,Delhi,Laptop,1,74827,Gaming Laptop,74827
ORD1283,14-04-2023,CUST121,Male,62,Ahmedabad,Mobile,2,8333,Smartphone,16666
ORD1284,06-12-2023,CUST558,Male,58,Pune,Accessories,1,47513,Charger,47513
ORD1285,11-09-2023,CUST638,Female,46,Kolkata,Mobile,4,64120,Smartphone,256480
ORD1286,15-08-2023,CUST806,Female,21,Ahmedabad,Laptop,4,16254,Ultrabook,65016
ORD1287,22-04-2023,CUST948,Male,22,Hyderabad,Laptop,3,78613,Gaming Laptop,235839
ORD1288,09-04-2023,CUST481,Female,28,Hyderabad,Tablet,4,35782,Android Tablet,143128
ORD1289,02-06-2023,CUST847,Female,38,Pune,Camera,3,37237,Mirrorless,111711
ORD1290,15-12-2023,CUST539,Female,52,Chennai,Laptop,2,24624,Ultrabook,49248
ORD1291,04-12-2023,CUST703,Female,29,Ahmedabad,Mobile,4,70602,Smartphone,282408
ORD1292,13-07-2023,CUST120,Male,43,Bengaluru,Mobile,2,2696,Smartphone,5392
ORD1293,06-11-2023,CUST402,Female,36,Ahmedabad,Camera,1,62027,Mirrorless,62027
ORD1294,12-06-2023,CUST968,Female,62,Chennai,Camera,2,11845,Mirrorless,23690
ORD1295,27-07-2023,CUST183,Male,24,Ahmedabad,Tablet,1,34577,Android Tablet,34577
ORD1296,18-06-2023,CUST873,Male,64,Pune,Accessories,2,66900,Cover,133800
ORD1297,10-06-2023,CUST758,Female,24,Chennai,Mobile,2,12555,Smartphone,25110
ORD1298,09-03-2023,CUST552,Female,43,Kolkata,Camera,4,44984,Mirrorless,179936
ORD1299,16-10-2023,CUST486,Female,57,Delhi,Mobile,2,78014,Smartphone,156028
ORD1300,04-10-2023,CUST606,Female,22,Chennai,Camera,4,36271,Mirrorless,145084
ORD1301,31-10-2023,CUST356,Male,38,Ahmedabad,Laptop,4,58154,Gaming Laptop,232616
ORD1302,15-05-2023,CUST669,Male,31,Kolkata,Mobile,3,47040,Feature Phone,141120
ORD1303,14-07-2023,CUST991,Male,21,Delhi,Laptop,3,29877,Ultrabook,89631
ORD1304,08-05-2023,CUST626,Female,40,Hyderabad,Mobile,1,50073,Feature Phone,50073
ORD1305,02-02-2023,CUST261,Female,59,Bengaluru,Accessories,2,43233,Charger,86466
ORD1306,25-06-2023,CUST262,Female,37,Pune,Tablet,1,12260,Android Tablet,12260
ORD1307,22-01-2023,CUST931,Female,32,Ahmedabad,Laptop,2,26262,Ultrabook,52524
ORD1308,26-08-2023,CUST892,Male,62,Ahmedabad,Camera,3,51486,Mirrorless,154458
ORD1309,07-06-2023,CUST891,Male,46,Hyderabad,Accessories,3,34832,Charger,104496
ORD1310,07-02-2023,CUST623,Female,25,Bengaluru,Mobile,2,40600,Smartphone,81200
ORD1311,18-08-2023,CUST885,Male,58,Hyderabad,Laptop,2,5444,Gaming Laptop,10888
ORD1312,31-12-2023,CUST370,Female,36,Mumbai,Mobile,3,49325,Smartphone,147975
ORD1313,20-02-2023,CUST591,Female,56,Hyderabad,Mobile,3,14377,Smartphone,43131
ORD1314,21-09-2023,CUST307,Male,63,Kolkata,Mobile,1,30490,Smartphone,30490
ORD1315,10-10-2023,CUST638,Female,45,Delhi,Tablet,3,55783,Android Tablet,167349
ORD1316,27-01-2023,CUST683,Female,63,Ahmedabad,Tablet,2,3758,iPad,7516
ORD1317,14-08-2023,CUST159,Male,44,Hyderabad,Camera,1,32129,Mirrorless,32129
ORD1318,04-10-2023,CUST529,Female,21,Ahmedabad,Laptop,2,38079,Ultrabook,76158
ORD1319,13-10-2023,CUST756,Female,32,Chennai,Accessories,4,23458,Headphones,93832
ORD1320,07-04-2023,CUST704,Male,52,Bengaluru,Accessories,1,39965,Charger,39965
ORD1321,11-10-2023,CUST408,Female,54,Hyderabad,Accessories,2,16275,Charger,32550
ORD1322,13-11-2023,CUST619,Male,18,Delhi,Mobile,3,77075,Smartphone,231225
ORD1323,31-10-2023,CUST690,Female,20,Kolkata,Tablet,4,34707,iPad,138828
ORD1324,27-05-2023,CUST126,Male,64,Mumbai,Laptop,2,23053,Gaming Laptop,46106
ORD1325,04-01-2023,CUST785,Male,41,Ahmedabad,Mobile,1,54132,Feature Phone,54132
ORD1326,04-02-2023,CUST661,Male,44,Bengaluru,Tablet,2,555,Android Tablet,1110
ORD1327,11-07-2023,CUST298,Female,57,Pune,Tablet,4,33373,Android Tablet,133492
ORD1328,18-02-2023,CUST486,Male,53,Delhi,Laptop,1,66705,Gaming Laptop,66705
ORD1329,17-01-2023,CUST448,Male,51,Pune,Laptop,4,78699,Ultrabook,314796
ORD1330,21-06-2023,CUST792,Male,46,Delhi,Laptop,2,25818,Ultrabook,51636
ORD1331,08-08-2023,CUST635,Male,41,Delhi,Mobile,3,34234,Smartphone,102702
ORD1332,07-06-2023,CUST927,Male,41,Kolkata,Camera,3,19022,DSLR,57066
ORD1333,15-02-2023,CUST477,Female,59,Kolkata,Laptop,2,12156,Ultrabook,24312
ORD1334,06-01-2023,CUST998,Female,21,Kolkata,Camera,2,16393,Mirrorless,32786
ORD1335,09-04-2023,CUST657,Female,20,Hyderabad,Mobile,2,16993,Smartphone,33986
ORD1336,21-08-2023,CUST626,Female,51,Chennai,Camera,1,4132,Mirrorless,4132
ORD1337,06-02-2023,CUST252,Female,40,Delhi,Accessories,4,62279,Charger,249116
ORD1338,07-10-2023,CUST833,Female,40,Bengaluru,Camera,4,38952,DSLR,155808
ORD1339,15-12-2023,CUST305,Female,62,Pune,Laptop,4,13766,Gaming Laptop,55064
ORD1340,29-10-2023,CUST554,Male,22,Kolkata,Mobile,2,62107,Feature Phone,124214
ORD1341,30-06-2023,CUST372,Female,48,Hyderabad,Laptop,4,17440,Gaming Laptop,69760
ORD1342,05-04-2023,CUST993,Male,58,Kolkata,Accessories,2,24503,Charger,49006
ORD1343,09-04-2023,CUST335,Male,23,Pune,Laptop,1,35315,Ultrabook,35315
ORD1344,07-07-2023,CUST951,Female,54,Pune,Laptop,3,31369,Gaming Laptop,94107
ORD1345,26-04-2023,CUST839,Male,27,Ahmedabad,Laptop,2,49797,Gaming Laptop,99594
ORD1346,10-07-2023,CUST620,Male,57,Delhi,Tablet,2,60607,Android Tablet,121214
ORD1347,10-09-2023,CUST777,Male,24,Kolkata,Accessories,3,17182,Cover,51546
ORD1348,10-06-2023,CUST930,Male,56,Pune,Laptop,3,20122,Gaming Laptop,60366
ORD1349,13-09-2023,CUST825,Female,55,Chennai,Laptop,1,30908,Gaming Laptop,30908
ORD1350,19-11-2023,CUST600,Female,38,Chennai,Laptop,4,9337,Ultrabook,37348
ORD1351,08-05-2023,CUST216,Female,37,Kolkata,Mobile,2,64710,Feature Phone,129420
ORD1352,18-01-2023,CUST485,Female,20,Hyderabad,Tablet,4,15907,iPad,63628
ORD1353,08-10-2023,CUST443,Female,39,Pune,Mobile,2,29809,Smartphone,59618
ORD1354,11-08-2023,CUST683,Female,64,Ahmedabad,Tablet,1,72418,Android Tablet,72418
ORD1355,23-02-2023,CUST494,Female,21,Delhi,Laptop,3,19395,Ultrabook,58185
ORD1356,27-02-2023,CUST163,Female,45,Delhi,Accessories,1,870,Headphones,870
ORD1357,19-11-2023,CUST816,Female,29,Hyderabad,Camera,3,986,DSLR,2958
ORD1358,26-12-2023,CUST820,Female,55,Ahmedabad,Camera,4,24262,DSLR,97048
ORD1359,23-06-2023,CUST171,Male,53,Delhi,Laptop,4,27113,Gaming Laptop,108452
ORD1360,07-10-2023,CUST888,Female,64,Ahmedabad,Mobile,1,3696,Feature Phone,3696
ORD1361,24-04-2023,CUST373,Male,58,Mumbai,Accessories,3,76849,Cover,230547
ORD1362,15-10-2023,CUST419,Male,22,Kolkata,Tablet,1,65339,iPad,65339
ORD1363,08-12-2023,CUST437,Male,30,Delhi,Laptop,3,42416,Ultrabook,127248
ORD1364,31-05-2023,CUST465,Male,40,Chennai,Accessories,3,9072,Headphones,27216
ORD1365,07-05-2023,CUST594,Female,47,Pune,Accessories,4,28725,Headphones,114900
ORD1366,04-06-2023,CUST706,Male,54,Ahmedabad,Tablet,4,46353,iPad,185412
ORD1367,30-09-2023,CUST265,Female,42,Ahmedabad,Accessories,3,49890,Charger,149670
ORD1368,14-04-2023,CUST643,Female,44,Bengaluru,Mobile,3,32775,Feature Phone,98325
ORD1369,26-10-2023,CUST110,Male,31,Hyderabad,Mobile,3,72879,Feature Phone,218637
ORD1370,03-09-2023,CUST400,Female,64,Bengaluru,Mobile,4,1605,Feature Phone,6420
ORD1371,25-06-2023,CUST828,Male,53,Delhi,Accessories,4,60396,Cover,241584
ORD1372,08-02-2023,CUST900,Male,56,Bengaluru,Mobile,2,43709,Smartphone,87418
ORD1373,19-06-2023,CUST201,Female,33,Bengaluru,Tablet,3,42987,Android Tablet,128961
ORD1374,04-09-2023,CUST524,Female,39,Mumbai,Accessories,2,18551,Charger,37102
ORD1375,26-01-2023,CUST491,Male,38,Ahmedabad,Camera,3,77900,Mirrorless,233700
ORD1376,21-12-2023,CUST878,Female,38,Chennai,Accessories,4,67461,Cover,269844
ORD1377,02-11-2023,CUST313,Female,25,Hyderabad,Tablet,2,60656,Android Tablet,121312
ORD1378,13-01-2023,CUST790,Female,33,Chennai,Camera,2,57675,DSLR,115350
ORD1379,12-11-2023,CUST187,Male,48,Mumbai,Accessories,1,7349,Cover,7349
ORD1380,09-11-2023,CUST652,Male,59,Mumbai,Mobile,3,19476,Smartphone,58428
ORD1381,05-02-2023,CUST500,Female,27,Bengaluru,Laptop,4,57366,Ultrabook,229464
ORD1382,22-06-2023,CUST687,Female,49,Kolkata,Laptop,1,47578,Gaming Laptop,47578
ORD1383,20-01-2023,CUST988,Female,51,Ahmedabad,Mobile,1,31613,Feature Phone,31613
ORD1384,17-11-2023,CUST145,Female,26,Pune,Laptop,3,15901,Gaming Laptop,47703
ORD1385,21-09-2023,CUST771,Female,34,Ahmedabad,Laptop,1,13384,Ultrabook,13384
ORD1386,22-05-2023,CUST562,Male,28,Pune,Mobile,3,38063,Feature Phone,114189
ORD1387,23-05-2023,CUST691,Female,49,Bengaluru,Mobile,1,34914,Feature Phone,34914
ORD1388,02-04-2023,CUST409,Male,27,Pune,Accessories,3,16642,Charger,49926
ORD1389,20-12-2023,CUST185,Female,39,Mumbai,Accessories,4,71992,Headphones,287968
ORD1390,18-11-2023,CUST191,Male,34,Chennai,Mobile,3,79964,Feature Phone,239892
ORD1391,15-10-2023,CUST759,Female,21,Pune,Tablet,3,75757,iPad,227271
ORD1392,03-08-2023,CUST772,Male,64,Ahmedabad,Laptop,2,77193,Ultrabook,154386
ORD1393,08-12-2023,CUST813,Female,42,Hyderabad,Accessories,4,35635,Charger,142540
ORD1394,20-02-2023,CUST341,Male,38,Bengaluru,Laptop,4,72732,Gaming Laptop,290928
ORD1395,02-06-2023,CUST964,Male,54,Kolkata,Camera,4,28362,Mirrorless,113448
ORD1396,05-07-2023,CUST101,Male,55,Bengaluru,Mobile,1,5690,Smartphone,5690
ORD1397,04-03-2023,CUST324,Male,18,Delhi,Tablet,2,70699,iPad,141398
ORD1398,09-07-2023,CUST900,Male,42,Bengaluru,Camera,4,4831,Mirrorless,19324
ORD1399,05-05-2023,CUST844,Male,53,Mumbai,Camera,1,52686,DSLR,52686
ORD1400,30-05-2023,CUST688,Female,34,Chennai,Camera,1,45148,DSLR,45148
ORD1401,10-11-2023,CUST215,Male,58,Chennai,Mobile,1,29049,Smartphone,29049
ORD1402,27-02-2023,CUST765,Female,41,Hyderabad,Accessories,2,26261,Charger,52522
ORD1403,08-12-2023,CUST202,Female,19,Pune,Mobile,1,3762,Smartphone,3762
ORD1404,01-11-2023,CUST293,Female,57,Mumbai,Accessories,2,51759,Cover,103518
ORD1405,29-06-2023,CUST265,Female,32,Delhi,Camera,3,73072,DSLR,219216
ORD1406,19-06-2023,CUST970,Female,49,Mumbai,Camera,1,53972,Mirrorless,53972
ORD1407,22-11-2023,CUST189,Male,56,Bengaluru,Tablet,4,5177,Android Tablet,20708
ORD1408,28-09-2023,CUST785,Male,23,Mumbai,Accessories,1,74008,Headphones,74008
ORD1409,23-02-2023,CUST221,Male,18,Mumbai,Camera,3,51117,Mirrorless,153351
ORD1410,11-04-2023,CUST242,Female,64,Hyderabad,Laptop,3,19095,Ultrabook,57285
ORD1411,21-09-2023,CUST205,Male,40,Delhi,Tablet,1,60648,iPad,60648
ORD1412,22-02-2023,CUST986,Male,56,Bengaluru,Mobile,3,47426,Smartphone,142278
ORD1413,01-03-2023,CUST527,Male,34,Kolkata,Tablet,2,75771,Android Tablet,151542
ORD1414,18-04-2023,CUST404,Male,51,Hyderabad,Laptop,2,34957,Gaming Laptop,69914
ORD1415,05-01-2023,CUST971,Male,58,Kolkata,Accessories,1,43031,Cover,43031
ORD1416,13-04-2023,CUST416,Female,46,Hyderabad,Mobile,2,73763,Smartphone,147526
ORD1417,15-07-2023,CUST734,Male,26,Chennai,Mobile,2,73800,Feature Phone,147600
ORD1418,19-09-2023,CUST108,Female,30,Ahmedabad,Accessories,4,63671,Headphones,254684
ORD1419,31-12-2023,CUST873,Female,23,Hyderabad,Tablet,1,46271,iPad,46271
ORD1420,16-12-2023,CUST172,Female,23,Pune,Camera,3,66854,DSLR,200562
ORD1421,16-02-2023,CUST458,Female,37,Mumbai,Tablet,1,37789,iPad,37789
ORD1422,21-12-2023,CUST322,Female,20,Chennai,Laptop,2,34392,Gaming Laptop,68784
ORD1423,07-11-2023,CUST515,Male,34,Delhi,Camera,4,71696,DSLR,286784
ORD1424,04-11-2023,CUST652,Male,29,Kolkata,Tablet,1,38909,iPad,38909
ORD1425,24-05-2023,CUST469,Male,64,Ahmedabad,Accessories,1,34970,Headphones,34970
ORD1426,26-09-2023,CUST815,Female,62,Ahmedabad,Laptop,2,18885,Ultrabook,37770
ORD1427,04-05-2023,CUST363,Male,18,Hyderabad,Laptop,2,23796,Gaming Laptop,47592
ORD1428,16-04-2023,CUST939,Male,34,Mumbai,Laptop,1,62216,Gaming Laptop,62216
ORD1429,07-06-2023,CUST789,Female,20,Delhi,Camera,2,26882,Mirrorless,53764
ORD1430,27-05-2023,CUST959,Female,43,Pune,Mobile,2,77175,Smartphone,154350
ORD1431,25-05-2023,CUST417,Female,32,Delhi,Camera,2,22919,Mirrorless,45838
ORD1432,30-04-2023,CUST183,Female,53,Mumbai,Tablet,2,39791,Android Tablet,79582
ORD1433,15-11-2023,CUST417,Male,49,Pune,Mobile,2,12897,Smartphone,25794
ORD1434,02-10-2023,CUST210,Female,49,Delhi,Tablet,4,58388,Android Tablet,233552
ORD1435,02-04-2023,CUST350,Female,21,Pune,Mobile,2,35669,Smartphone,71338
ORD1436,27-02-2023,CUST482,Male,35,Hyderabad,Camera,3,62682,DSLR,188046
ORD1437,12-12-2023,CUST106,Male,36,Hyderabad,Laptop,1,42749,Gaming Laptop,42749
ORD1438,17-08-2023,CUST558,Female,60,Mumbai,Accessories,4,28841,Cover,115364
ORD1439,27-04-2023,CUST183,Male,52,Mumbai,Laptop,4,76103,Ultrabook,304412
ORD1440,14-11-2023,CUST307,Female,57,Pune,Camera,2,46644,DSLR,93288
ORD1441,06-10-2023,CUST489,Female,31,Bengaluru,Mobile,1,62272,Smartphone,62272
ORD1442,07-05-2023,CUST413,Male,50,Chennai,Laptop,3,79860,Gaming Laptop,239580
ORD1443,09-05-2023,CUST121,Male,31,Ahmedabad,Camera,2,13944,Mirrorless,27888
ORD1444,27-02-2023,CUST509,Female,51,Delhi,Tablet,1,46147,iPad,46147
ORD1445,02-05-2023,CUST994,Female,21,Delhi,Accessories,2,11474,Headphones,22948
ORD1446,01-01-2023,CUST614,Female,41,Bengaluru,Laptop,2,38883,Gaming Laptop,77766
ORD1447,27-08-2023,CUST226,Male,46,Bengaluru,Mobile,2,3456,Smartphone,6912
ORD1448,17-10-2023,CUST908,Female,36,Bengaluru,Tablet,2,8577,iPad,17154
ORD1449,06-04-2023,CUST799,Female,23,Kolkata,Camera,2,36990,DSLR,73980
ORD1450,06-05-2023,CUST973,Female,50,Kolkata,Accessories,2,56112,Cover,112224
ORD1451,28-04-2023,CUST113,Female,57,Pune,Mobile,2,36659,Feature Phone,73318
ORD1452,17-02-2023,CUST111,Female,36,Kolkata,Camera,3,40210,Mirrorless,120630
ORD1453,30-03-2023,CUST186,Male,18,Hyderabad,Camera,4,14306,DSLR,57224
ORD1454,25-08-2023,CUST623,Female,22,Hyderabad,Laptop,3,78845,Gaming Laptop,236535
ORD1455,29-09-2023,CUST636,Female,44,Mumbai,Laptop,2,6958,Gaming Laptop,13916
ORD1456,08-07-2023,CUST400,Female,33,Ahmedabad,Mobile,2,36024,Smartphone,72048
ORD1457,11-07-2023,CUST342,Female,23,Pune,Camera,3,7353,DSLR,22059
ORD1458,10-03-2023,CUST221,Male,57,Ahmedabad,Laptop,3,40977,Gaming Laptop,122931
ORD1459,05-10-2023,CUST246,Male,30,Delhi,Accessories,4,32722,Headphones,130888
ORD1460,15-12-2023,CUST666,Male,52,Chennai,Accessories,3,18820,Headphones,56460
ORD1461,04-09-2023,CUST849,Female,36,Mumbai,Camera,4,52743,DSLR,210972
ORD1462,17-03-2023,CUST455,Female,29,Delhi,Laptop,2,46115,Ultrabook,92230
ORD1463,03-06-2023,CUST784,Male,33,Delhi,Mobile,1,17852,Smartphone,17852
ORD1464,24-05-2023,CUST832,Male,60,Pune,Mobile,1,73333,Smartphone,73333
ORD1465,27-03-2023,CUST730,Male,27,Bengaluru,Mobile,1,3703,Smartphone,3703
ORD1466,04-07-2023,CUST408,Female,42,Bengaluru,Accessories,1,39767,Headphones,39767
ORD1467,12-10-2023,CUST794,Female,37,Ahmedabad,Laptop,2,38441,Ultrabook,76882
ORD1468,08-08-2023,CUST387,Male,48,Mumbai,Laptop,1,25868,Ultrabook,25868
ORD1469,10-03-2023,CUST406,Male,21,Bengaluru,Accessories,3,77686,Headphones,233058
ORD1470,16-02-2023,CUST911,Male,61,Delhi,Mobile,3,31484,Smartphone,94452
ORD1471,04-04-2023,CUST693,Female,40,Bengaluru,Mobile,1,42441,Feature Phone,42441
ORD1472,26-08-2023,CUST822,Female,19,Kolkata,Camera,3,73418,DSLR,220254
ORD1473,23-07-2023,CUST761,Female,39,Bengaluru,Tablet,4,53183,iPad,212732
ORD1474,06-08-2023,CUST648,Male,54,Delhi,Laptop,2,1301,Ultrabook,2602
ORD1475,07-12-2023,CUST451,Male,25,Ahmedabad,Laptop,1,48465,Ultrabook,48465
ORD1476,08-02-2023,CUST411,Female,24,Pune,Laptop,1,10469,Gaming Laptop,10469
ORD1477,10-04-2023,CUST972,Male,31,Mumbai,Tablet,2,36469,Android Tablet,72938
ORD1478,16-10-2023,CUST158,Female,20,Chennai,Camera,3,32949,DSLR,98847
ORD1479,11-09-2023,CUST742,Male,33,Bengaluru,Tablet,2,26205,iPad,52410
ORD1480,10-08-2023,CUST813,Male,36,Hyderabad,Mobile,2,60803,Smartphone,121606
ORD1481,23-12-2023,CUST854,Male,35,Hyderabad,Mobile,3,28863,Smartphone,86589
ORD1482,23-01-2023,CUST134,Male,33,Ahmedabad,Laptop,2,31220,Ultrabook,62440
ORD1483,07-09-2023,CUST544,Female,25,Delhi,Accessories,3,10472,Cover,31416
ORD1484,10-01-2023,CUST192,Male,50,Chennai,Laptop,3,33851,Gaming Laptop,101553
ORD1485,03-09-2023,CUST306,Female,29,Chennai,Accessories,2,36645,Cover,73290
ORD1486,21-11-2023,CUST452,Female,28,Kolkata,Tablet,4,56735,iPad,226940
ORD1487,10-04-2023,CUST431,Female,22,Chennai,Mobile,3,15355,Smartphone,46065
ORD1488,17-10-2023,CUST916,Male,44,Hyderabad,Accessories,2,36669,Charger,73338
ORD1489,29-06-2023,CUST961,Female,29,Pune,Tablet,3,46904,iPad,140712
ORD1490,11-08-2023,CUST824,Female,34,Delhi,Mobile,4,20069,Smartphone,80276
ORD1491,07-09-2023,CUST258,Female,23,Delhi,Accessories,4,54937,Cover,219748
ORD1492,27-05-2023,CUST123,Male,50,Bengaluru,Laptop,1,49006,Gaming Laptop,49006
ORD1493,06-04-2023,CUST503,Male,22,Bengaluru,Laptop,3,26238,Ultrabook,78714
ORD1494,14-09-2023,CUST904,Female,45,Bengaluru,Laptop,3,7272,Ultrabook,21816
ORD1495,21-11-2023,CUST615,Male,31,Hyderabad,Tablet,2,20231,Android Tablet,40462
ORD1496,04-01-2023,CUST831,Female,22,Hyderabad,Laptop,3,10631,Ultrabook,31893
ORD1497,16-01-2023,CUST463,Female,50,Ahmedabad,Camera,1,66824,DSLR,66824
ORD1498,07-10-2023,CUST481,Male,58,Hyderabad,Mobile,4,54597,Smartphone,218388
ORD1499,02-12-2023,CUST631,Female,36,Hyderabad,Tablet,4,3389,Android Tablet,13556
ORD1500,04-09-2023,CUST251,Male,39,Hyderabad,Laptop,1,10069,Gaming Laptop,10069
ORD1501,15-09-2023,CUST661,Male,22,Hyderabad,Mobile,3,76177,Smartphone,228531
ORD1502,09-06-2023,CUST788,Female,19,Pune,Accessories,3,77970,Headphones,233910
ORD1503,06-12-2023,CUST707,Male,47,Hyderabad,Laptop,1,8112,Gaming Laptop,8112
ORD1504,01-06-2023,CUST716,Male,64,Ahmedabad,Mobile,2,52144,Feature Phone,104288
ORD1505,27-06-2023,CUST519,Female,56,Chennai,Camera,4,32569,DSLR,130276
ORD1506,12-06-2023,CUST349,Female,21,Chennai,Accessories,1,27831,Cover,27831
ORD1507,02-02-2023,CUST216,Male,50,Kolkata,Camera,1,56397,Mirrorless,56397
ORD1508,28-06-2023,CUST965,Male,30,Pune,Mobile,3,14434,Feature Phone,43302
ORD1509,11-04-2023,CUST611,Female,37,Bengaluru,Camera,4,10595,Mirrorless,42380
ORD1510,25-09-2023,CUST839,Male,24,Mumbai,Mobile,3,19206,Smartphone,57618
ORD1511,19-11-2023,CUST677,Male,32,Hyderabad,Mobile,1,44016,Smartphone,44016
ORD1512,06-03-2023,CUST434,Male,40,Kolkata,Camera,2,35129,DSLR,70258
ORD1513,17-06-2023,CUST517,Male,31,Mumbai,Mobile,4,47410,Smartphone,189640
ORD1514,26-11-2023,CUST873,Male,40,Ahmedabad,Laptop,1,20931,Gaming Laptop,20931
ORD1515,12-02-2023,CUST394,Male,36,Chennai,Mobile,1,57233,Feature Phone,57233
ORD1516,13-02-2023,CUST854,Male,46,Kolkata,Tablet,2,40588,iPad,81176
ORD1517,12-10-2023,CUST470,Female,37,Ahmedabad,Mobile,1,44635,Smartphone,44635
ORD1518,12-01-2023,CUST285,Female,46,Kolkata,Tablet,1,38515,iPad,38515
ORD1519,05-04-2023,CUST345,Female,41,Delhi,Mobile,4,31885,Feature Phone,127540
ORD1520,29-10-2023,CUST736,Female,35,Ahmedabad,Mobile,4,70699,Feature Phone,282796
ORD1521,10-09-2023,CUST367,Female,27,Chennai,Camera,4,39177,Mirrorless,156708
ORD1522,30-08-2023,CUST742,Male,58,Chennai,Laptop,3,13318,Gaming Laptop,39954
ORD1523,04-02-2023,CUST336,Male,25,Pune,Laptop,2,63501,Gaming Laptop,127002
ORD1524,03-08-2023,CUST629,Male,43,Kolkata,Accessories,4,24477,Headphones,97908
ORD1525,03-12-2023,CUST651,Male,46,Hyderabad,Camera,3,50332,Mirrorless,150996
ORD1526,31-03-2023,CUST120,Female,27,Chennai,Camera,3,41431,Mirrorless,124293
ORD1527,21-09-2023,CUST836,Male,34,Kolkata,Laptop,2,79394,Gaming Laptop,158788
ORD1528,03-04-2023,CUST966,Male,19,Pune,Camera,2,72704,DSLR,145408
ORD1529,31-03-2023,CUST893,Female,23,Hyderabad,Laptop,1,46284,Ultrabook,46284
ORD1530,25-04-2023,CUST619,Male,22,Ahmedabad,Camera,3,10421,DSLR,31263
ORD1531,15-04-2023,CUST199,Male,45,Pune,Mobile,4,35459,Smartphone,141836
ORD1532,15-07-2023,CUST851,Female,58,Delhi,Laptop,2,32828,Ultrabook,65656
ORD1533,10-11-2023,CUST577,Male,22,Hyderabad,Laptop,3,9359,Ultrabook,28077
ORD1534,24-04-2023,CUST698,Male,35,Kolkata,Tablet,4,74908,Android Tablet,299632
ORD1535,16-03-2023,CUST397,Male,43,Chennai,Camera,3,27208,Mirrorless,81624
ORD1536,05-08-2023,CUST625,Male,37,Chennai,Camera,2,19347,DSLR,38694
ORD1537,04-10-2023,CUST433,Male,58,Kolkata,Laptop,1,56489,Ultrabook,56489
ORD1538,06-09-2023,CUST101,Female,44,Kolkata,Mobile,3,5422,Feature Phone,16266
ORD1539,13-06-2023,CUST474,Female,29,Kolkata,Mobile,4,70428,Smartphone,281712
ORD1540,23-12-2023,CUST392,Female,24,Bengaluru,Mobile,2,52835,Feature Phone,105670
ORD1541,11-07-2023,CUST936,Female,20,Hyderabad,Camera,1,14041,DSLR,14041
ORD1542,15-08-2023,CUST652,Female,27,Chennai,Tablet,4,20051,iPad,80204
ORD1543,26-06-2023,CUST417,Female,51,Hyderabad,Laptop,4,19881,Gaming Laptop,79524
ORD1544,09-04-2023,CUST601,Male,42,Pune,Accessories,4,56173,Charger,224692
ORD1545,05-02-2023,CUST927,Female,52,Chennai,Tablet,3,23448,iPad,70344
ORD1546,06-04-2023,CUST480,Female,33,Bengaluru,Accessories,2,59572,Cover,119144
ORD1547,01-06-2023,CUST722,Male,19,Kolkata,Tablet,4,68060,iPad,272240
ORD1548,31-05-2023,CUST113,Male,41,Delhi,Mobile,3,2986,Smartphone,8958
ORD1549,09-07-2023,CUST603,Female,27,Kolkata,Camera,2,67191,Mirrorless,134382
ORD1550,12-08-2023,CUST330,Male,55,Ahmedabad,Accessories,2,10582,Cover,21164
ORD1551,06-02-2023,CUST183,Female,39,Kolkata,Tablet,3,7586,iPad,22758
ORD1552,25-09-2023,CUST229,Male,43,Bengaluru,Camera,3,68353,Mirrorless,205059
ORD1553,02-07-2023,CUST842,Female,60,Hyderabad,Accessories,4,70527,Headphones,282108
ORD1554,13-01-2023,CUST937,Male,56,Chennai,Laptop,2,16416,Ultrabook,32832
ORD1555,06-10-2023,CUST244,Male,44,Kolkata,Tablet,1,15748,Android Tablet,15748
ORD1556,05-08-2023,CUST990,Female,46,Chennai,Laptop,3,68547,Gaming Laptop,205641
ORD1557,21-12-2023,CUST956,Female,64,Mumbai,Mobile,2,24726,Smartphone,49452
ORD1558,27-12-2023,CUST127,Female,55,Pune,Laptop,2,25525,Ultrabook,51050
ORD1559,13-10-2023,CUST165,Female,37,Hyderabad,Laptop,4,48880,Ultrabook,195520
ORD1560,30-09-2023,CUST262,Female,44,Chennai,Tablet,1,8348,Android Tablet,8348
ORD1561,03-03-2023,CUST328,Male,58,Delhi,Mobile,4,14774,Feature Phone,59096
ORD1562,25-03-2023,CUST360,Female,37,Pune,Laptop,1,55045,Gaming Laptop,55045
ORD1563,05-08-2023,CUST548,Female,61,Ahmedabad,Camera,1,35733,Mirrorless,35733
ORD1564,08-12-2023,CUST523,Male,36,Ahmedabad,Accessories,3,16804,Headphones,50412
ORD1565,06-07-2023,CUST559,Male,37,Delhi,Laptop,2,11794,Gaming Laptop,23588
ORD1566,19-01-2023,CUST775,Female,52,Kolkata,Mobile,2,26925,Feature Phone,53850
ORD1567,26-06-2023,CUST400,Male,64,Pune,Laptop,2,69211,Gaming Laptop,138422
ORD1568,10-04-2023,CUST402,Male,19,Chennai,Accessories,1,9925,Headphones,9925
ORD1569,21-08-2023,CUST386,Female,47,Pune,Mobile,2,45490,Feature Phone,90980
ORD1570,17-03-2023,CUST494,Male,51,Kolkata,Tablet,3,74246,Android Tablet,222738
ORD1571,22-09-2023,CUST109,Male,39,Bengaluru,Mobile,1,68795,Smartphone,68795
ORD1572,11-10-2023,CUST806,Female,20,Hyderabad,Tablet,1,16591,iPad,16591
ORD1573,25-07-2023,CUST729,Female,23,Delhi,Mobile,1,502,Smartphone,502
ORD1574,11-08-2023,CUST369,Male,32,Kolkata,Accessories,1,50911,Cover,50911
ORD1575,21-02-2023,CUST691,Male,44,Bengaluru,Accessories,3,41458,Headphones,124374
ORD1576,05-12-2023,CUST704,Female,27,Pune,Mobile,2,21207,Smartphone,42414
ORD1577,24-05-2023,CUST877,Male,26,Pune,Laptop,3,15748,Gaming Laptop,47244
ORD1578,10-03-2023,CUST943,Male,50,Kolkata,Accessories,2,71809,Headphones,143618
ORD1579,09-04-2023,CUST961,Male,49,Chennai,Tablet,3,78822,Android Tablet,236466
ORD1580,25-01-2023,CUST460,Female,23,Pune,Tablet,4,52220,Android Tablet,208880
ORD1581,22-02-2023,CUST356,Male,58,Chennai,Camera,4,15537,Mirrorless,62148
ORD1582,31-05-2023,CUST232,Male,53,Chennai,Tablet,4,67921,Android Tablet,271684
ORD1583,24-05-2023,CUST375,Female,19,Hyderabad,Camera,4,41112,DSLR,164448
ORD1584,26-02-2023,CUST875,Male,46,Chennai,Mobile,1,13950,Feature Phone,13950
ORD1585,08-02-2023,CUST782,Male,21,Mumbai,Mobile,1,9991,Smartphone,9991
ORD1586,19-04-2023,CUST612,Female,18,Hyderabad,Mobile,3,75304,Smartphone,225912
ORD1587,30-06-2023,CUST412,Female,36,Bengaluru,Laptop,3,7291,Gaming Laptop,21873
ORD1588,11-02-2023,CUST675,Female,43,Bengaluru,Laptop,4,28814,Gaming Laptop,115256
ORD1589,05-07-2023,CUST985,Female,42,Pune,Camera,2,52383,DSLR,104766
ORD1590,11-08-2023,CUST383,Male,27,Pune,Tablet,4,66129,Android Tablet,264516
ORD1591,02-05-2023,CUST220,Male,32,Chennai,Tablet,3,10467,iPad,31401
ORD1592,13-05-2023,CUST206,Female,39,Hyderabad,Mobile,4,43720,Feature Phone,174880
ORD1593,12-06-2023,CUST786,Female,38,Hyderabad,Accessories,3,74663,Charger,223989
ORD1594,03-08-2023,CUST303,Male,39,Mumbai,Laptop,4,5447,Gaming Laptop,21788
ORD1595,09-08-2023,CUST264,Female,53,Chennai,Laptop,2,39919,Gaming Laptop,79838
ORD1596,23-08-2023,CUST404,Male,51,Mumbai,Mobile,4,56631,Smartphone,226524
ORD1597,27-11-2023,CUST596,Female,47,Ahmedabad,Laptop,2,29376,Gaming Laptop,58752
ORD1598,26-05-2023,CUST731,Male,42,Chennai,Mobile,2,20471,Smartphone,40942
ORD1599,27-08-2023,CUST655,Female,62,Delhi,Camera,3,63039,Mirrorless,189117
ORD1600,17-03-2023,CUST923,Female,45,Delhi,Tablet,2,49728,iPad,99456
ORD1601,09-01-2023,CUST255,Male,18,Kolkata,Accessories,1,74995,Headphones,74995
ORD1602,15-03-2023,CUST466,Female,62,Chennai,Tablet,1,28761,Android Tablet,28761
ORD1603,10-09-2023,CUST818,Male,21,Hyderabad,Tablet,1,61760,Android Tablet,61760
ORD1604,18-08-2023,CUST719,Male,24,Pune,Camera,3,3846,Mirrorless,11538
ORD1605,07-01-2023,CUST350,Male,26,Bengaluru,Laptop,1,56676,Ultrabook,56676
ORD1606,23-06-2023,CUST981,Male,53,Kolkata,Accessories,3,52800,Headphones,158400
ORD1607,21-05-2023,CUST433,Male,36,Pune,Laptop,3,11840,Ultrabook,35520
ORD1608,17-06-2023,CUST741,Female,18,Delhi,Tablet,1,33512,Android Tablet,33512
ORD1609,19-06-2023,CUST610,Female,27,Chennai,Mobile,2,35893,Feature Phone,71786
ORD1610,10-10-2023,CUST392,Male,53,Kolkata,Tablet,4,75633,iPad,302532
ORD1611,02-05-2023,CUST119,Female,26,Chennai,Laptop,3,26057,Gaming Laptop,78171
ORD1612,13-07-2023,CUST381,Male,62,Delhi,Tablet,1,64704,iPad,64704
ORD1613,05-01-2023,CUST896,Female,63,Kolkata,Mobile,3,73773,Feature Phone,221319
ORD1614,29-01-2023,CUST100,Female,59,Delhi,Camera,2,17776,DSLR,35552
ORD1615,14-06-2023,CUST218,Female,49,Mumbai,Laptop,2,55139,Ultrabook,110278
ORD1616,05-12-2023,CUST134,Female,49,Delhi,Tablet,1,7810,Android Tablet,7810
ORD1617,16-05-2023,CUST297,Male,23,Hyderabad,Laptop,3,35667,Ultrabook,107001
ORD1618,31-12-2023,CUST584,Male,55,Hyderabad,Camera,4,10891,DSLR,43564
ORD1619,17-11-2023,CUST856,Female,34,Chennai,Tablet,4,51121,Android Tablet,204484
ORD1620,08-12-2023,CUST158,Female,27,Bengaluru,Tablet,3,11392,iPad,34176
ORD1621,25-05-2023,CUST936,Male,44,Delhi,Laptop,3,77233,Ultrabook,231699
ORD1622,23-11-2023,CUST260,Female,52,Pune,Laptop,3,79086,Gaming Laptop,237258
ORD1623,05-08-2023,CUST790,Male,38,Hyderabad,Mobile,1,36642,Feature Phone,36642
ORD1624,28-10-2023,CUST305,Male,42,Ahmedabad,Camera,2,46179,Mirrorless,92358
ORD1625,12-05-2023,CUST111,Male,45,Bengaluru,Mobile,4,42115,Feature Phone,168460
ORD1626,19-10-2023,CUST589,Female,64,Mumbai,Tablet,1,48053,Android Tablet,48053
ORD1627,11-03-2023,CUST375,Male,32,Kolkata,Laptop,3,79571,Gaming Laptop,238713
ORD1628,09-09-2023,CUST792,Female,21,Kolkata,Tablet,3,41502,Android Tablet,124506
ORD1629,02-10-2023,CUST341,Male,46,Hyderabad,Tablet,2,71158,iPad,142316
ORD1630,30-12-2023,CUST315,Female,26,Bengaluru,Accessories,3,10352,Headphones,31056
ORD1631,01-07-2023,CUST350,Female,44,Hyderabad,Accessories,1,5887,Cover,5887
ORD1632,16-06-2023,CUST910,Female,43,Kolkata,Tablet,1,40494,iPad,40494
ORD1633,01-04-2023,CUST225,Male,36,Ahmedabad,Laptop,2,34225,Ultrabook,68450
ORD1634,21-07-2023,CUST316,Male,45,Delhi,Tablet,1,73182,iPad,73182
ORD1635,12-12-2023,CUST405,Female,34,Bengaluru,Accessories,4,1060,Headphones,4240
ORD1636,19-01-2023,CUST896,Female,60,Chennai,Laptop,1,57065,Ultrabook,57065
ORD1637,08-02-2023,CUST284,Female,58,Delhi,Tablet,1,1812,iPad,1812
ORD1638,06-05-2023,CUST138,Male,59,Delhi,Camera,1,18705,DSLR,18705
ORD1639,22-06-2023,CUST322,Male,37,Delhi,Camera,4,12095,DSLR,48380
ORD1640,21-05-2023,CUST283,Male,62,Chennai,Tablet,3,21829,iPad,65487
ORD1641,30-08-2023,CUST594,Male,57,Ahmedabad,Laptop,1,68687,Gaming Laptop,68687
ORD1642,08-08-2023,CUST526,Female,56,Mumbai,Tablet,2,76042,iPad,152084
ORD1643,06-05-2023,CUST277,Female,40,Ahmedabad,Tablet,4,36145,iPad,144580
ORD1644,27-02-2023,CUST527,Male,64,Ahmedabad,Accessories,2,70119,Headphones,140238
ORD1645,28-05-2023,CUST393,Male,49,Ahmedabad,Camera,1,34013,DSLR,34013
ORD1646,13-11-2023,CUST951,Female,64,Pune,Accessories,2,9249,Cover,18498
ORD1647,27-12-2023,CUST250,Male,50,Hyderabad,Accessories,1,31283,Charger,31283
ORD1648,01-01-2023,CUST483,Male,63,Kolkata,Tablet,4,61145,iPad,244580
ORD1649,14-12-2023,CUST737,Male,22,Hyderabad,Accessories,2,53675,Cover,107350
ORD1650,09-07-2023,CUST912,Male,60,Bengaluru,Camera,2,63209,Mirrorless,126418
ORD1651,10-07-2023,CUST407,Male,51,Ahmedabad,Accessories,1,17823,Charger,17823
ORD1652,08-11-2023,CUST435,Male,57,Mumbai,Camera,1,51262,Mirrorless,51262
ORD1653,27-04-2023,CUST845,Female,28,Bengaluru,Accessories,3,64722,Cover,194166
ORD1654,14-05-2023,CUST991,Male,20,Hyderabad,Camera,1,34993,Mirrorless,34993
ORD1655,27-02-2023,CUST474,Male,50,Kolkata,Accessories,1,58828,Charger,58828
ORD1656,13-02-2023,CUST107,Female,28,Chennai,Accessories,3,12713,Headphones,38139
ORD1657,22-06-2023,CUST440,Female,33,Hyderabad,Laptop,1,47430,Ultrabook,47430
ORD1658,09-06-2023,CUST228,Female,35,Delhi,Camera,1,28213,Mirrorless,28213
ORD1659,22-06-2023,CUST875,Male,47,Hyderabad,Camera,3,73223,DSLR,219669
ORD1660,13-11-2023,CUST768,Female,27,Delhi,Camera,4,33083,DSLR,132332
ORD1661,30-10-2023,CUST451,Male,35,Chennai,Mobile,4,22869,Feature Phone,91476
ORD1662,29-05-2023,CUST457,Male,55,Hyderabad,Accessories,1,48428,Charger,48428
ORD1663,21-03-2023,CUST616,Male,36,Mumbai,Camera,1,69450,DSLR,69450
ORD1664,01-08-2023,CUST594,Female,53,Mumbai,Mobile,3,20010,Smartphone,60030
ORD1665,22-07-2023,CUST185,Female,30,Bengaluru,Laptop,3,12620,Ultrabook,37860
ORD1666,09-09-2023,CUST274,Female,63,Chennai,Camera,4,5795,DSLR,23180
ORD1667,17-08-2023,CUST901,Female,20,Ahmedabad,Camera,2,20960,Mirrorless,41920
ORD1668,13-06-2023,CUST292,Female,27,Mumbai,Mobile,1,15463,Feature Phone,15463
ORD1669,15-08-2023,CUST410,Male,55,Hyderabad,Accessories,2,77616,Headphones,155232
ORD1670,27-05-2023,CUST218,Male,18,Chennai,Laptop,2,27828,Ultrabook,55656
ORD1671,20-01-2023,CUST317,Male,44,Kolkata,Camera,3,22105,DSLR,66315
ORD1672,16-02-2023,CUST526,Male,63,Delhi,Accessories,1,45313,Headphones,45313
ORD1673,21-08-2023,CUST513,Female,25,Hyderabad,Laptop,1,46871,Ultrabook,46871
ORD1674,01-11-2023,CUST213,Female,63,Delhi,Tablet,3,48098,Android Tablet,144294
ORD1675,14-01-2023,CUST244,Male,59,Delhi,Tablet,2,61276,iPad,122552
ORD1676,23-05-2023,CUST637,Female,34,Ahmedabad,Laptop,3,72758,Gaming Laptop,218274
ORD1677,01-01-2023,CUST747,Female,26,Chennai,Mobile,4,41469,Feature Phone,165876
ORD1678,23-02-2023,CUST402,Male,23,Chennai,Laptop,1,37412,Ultrabook,37412
ORD1679,16-09-2023,CUST843,Male,60,Bengaluru,Laptop,4,38874,Ultrabook,155496
ORD1680,24-05-2023,CUST980,Female,42,Delhi,Mobile,3,72802,Smartphone,218406
ORD1681,12-01-2023,CUST687,Female,56,Bengaluru,Mobile,1,63284,Feature Phone,63284
ORD1682,26-11-2023,CUST939,Male,45,Ahmedabad,Accessories,4,50382,Headphones,201528
ORD1683,12-08-2023,CUST444,Male,50,Delhi,Accessories,4,16428,Headphones,65712
ORD1684,29-09-2023,CUST913,Male,54,Bengaluru,Mobile,2,21774,Smartphone,43548
ORD1685,24-12-2023,CUST900,Female,26,Bengaluru,Tablet,1,34916,Android Tablet,34916
ORD1686,05-06-2023,CUST100,Male,35,Kolkata,Tablet,4,61498,Android Tablet,245992
ORD1687,08-01-2023,CUST246,Male,38,Bengaluru,Laptop,4,29547,Ultrabook,118188
ORD1688,02-05-2023,CUST386,Female,19,Chennai,Camera,2,43856,DSLR,87712
ORD1689,14-12-2023,CUST753,Female,60,Bengaluru,Laptop,4,37634,Ultrabook,150536
ORD1690,13-06-2023,CUST152,Female,55,Delhi,Laptop,4,67542,Ultrabook,270168
ORD1691,31-03-2023,CUST403,Female,57,Bengaluru,Camera,4,51810,DSLR,207240
ORD1692,16-05-2023,CUST168,Female,53,Mumbai,Mobile,2,12863,Feature Phone,25726
ORD1693,05-07-2023,CUST460,Male,60,Pune,Tablet,4,45063,iPad,180252
ORD1694,12-11-2023,CUST701,Male,54,Delhi,Laptop,4,31128,Gaming Laptop,124512
ORD1695,27-06-2023,CUST319,Female,32,Mumbai,Camera,1,70172,Mirrorless,70172
ORD1696,28-01-2023,CUST803,Female,45,Ahmedabad,Accessories,1,46746,Cover,46746
ORD1697,08-08-2023,CUST674,Female,35,Delhi,Laptop,2,11661,Gaming Laptop,23322
ORD1698,23-12-2023,CUST684,Female,51,Chennai,Tablet,3,3310,Android Tablet,9930
ORD1699,10-02-2023,CUST260,Female,39,Pune,Mobile,1,60360,Feature Phone,60360
ORD1700,16-08-2023,CUST780,Male,28,Pune,Laptop,2,77699,Ultrabook,155398
ORD1701,11-07-2023,CUST188,Male,30,Chennai,Laptop,4,72188,Ultrabook,288752
ORD1702,25-05-2023,CUST787,Male,21,Pune,Camera,4,66048,Mirrorless,264192
ORD1703,20-07-2023,CUST880,Male,39,Chennai,Accessories,2,62863,Cover,125726
ORD1704,31-07-2023,CUST684,Female,24,Mumbai,Accessories,4,11662,Cover,46648
ORD1705,08-08-2023,CUST856,Male,60,Ahmedabad,Mobile,4,74035,Feature Phone,296140
ORD1706,28-08-2023,CUST688,Female,41,Kolkata,Tablet,3,7719,Android Tablet,23157
ORD1707,15-02-2023,CUST258,Female,21,Delhi,Mobile,4,71364,Feature Phone,285456
ORD1708,04-02-2023,CUST588,Female,45,Chennai,Laptop,1,4121,Gaming Laptop,4121
ORD1709,10-09-2023,CUST423,Male,32,Delhi,Laptop,4,44933,Gaming Laptop,179732
ORD1710,23-03-2023,CUST709,Female,18,Ahmedabad,Accessories,2,77350,Cover,154700
ORD1711,13-09-2023,CUST480,Male,20,Mumbai,Tablet,3,66688,Android Tablet,200064
ORD1712,16-07-2023,CUST201,Male,31,Kolkata,Camera,4,55451,DSLR,221804
ORD1713,30-10-2023,CUST593,Female,55,Ahmedabad,Tablet,2,37058,iPad,74116
ORD1714,10-01-2023,CUST743,Female,18,Mumbai,Laptop,1,16159,Ultrabook,16159
ORD1715,08-11-2023,CUST713,Female,55,Pune,Camera,4,34913,DSLR,139652
ORD1716,13-10-2023,CUST118,Male,55,Delhi,Tablet,3,10935,iPad,32805
ORD1717,30-08-2023,CUST553,Female,38,Hyderabad,Tablet,4,54411,Android Tablet,217644
ORD1718,08-09-2023,CUST581,Male,46,Kolkata,Camera,2,28567,DSLR,57134
ORD1719,31-12-2023,CUST693,Female,22,Pune,Laptop,3,69724,Gaming Laptop,209172
ORD1720,05-01-2023,CUST496,Female,27,Ahmedabad,Tablet,4,73725,Android Tablet,294900
ORD1721,29-04-2023,CUST378,Male,45,Kolkata,Camera,1,1879,Mirrorless,1879
ORD1722,16-10-2023,CUST950,Male,38,Pune,Laptop,3,28124,Gaming Laptop,84372
ORD1723,06-03-2023,CUST464,Male,24,Mumbai,Camera,1,58245,Mirrorless,58245
ORD1724,26-05-2023,CUST430,Male,20,Chennai,Camera,2,52305,DSLR,104610
ORD1725,12-08-2023,CUST740,Male,62,Delhi,Tablet,4,13016,Android Tablet,52064
ORD1726,27-08-2023,CUST443,Male,64,Bengaluru,Laptop,1,79922,Ultrabook,79922
ORD1727,26-06-2023,CUST921,Female,37,Bengaluru,Tablet,2,25343,Android Tablet,50686
ORD1728,24-09-2023,CUST554,Female,36,Mumbai,Mobile,4,6412,Smartphone,25648
ORD1729,07-12-2023,CUST700,Male,52,Ahmedabad,Mobile,2,22014,Feature Phone,44028
ORD1730,09-10-2023,CUST824,Female,21,Delhi,Laptop,1,57532,Ultrabook,57532
ORD1731,04-03-2023,CUST754,Male,22,Ahmedabad,Camera,2,29297,Mirrorless,58594
ORD1732,05-08-2023,CUST164,Female,18,Delhi,Tablet,3,6949,Android Tablet,20847
ORD1733,08-12-2023,CUST175,Female,21,Mumbai,Tablet,4,2225,Android Tablet,8900
ORD1734,11-11-2023,CUST810,Male,29,Delhi,Laptop,2,9804,Ultrabook,19608
ORD1735,10-10-2023,CUST242,Male,44,Chennai,Laptop,1,73558,Ultrabook,73558
ORD1736,26-06-2023,CUST927,Male,59,Ahmedabad,Mobile,4,14163,Smartphone,56652
ORD1737,08-04-2023,CUST704,Female,40,Mumbai,Accessories,3,70820,Cover,212460
ORD1738,15-04-2023,CUST572,Male,42,Chennai,Laptop,4,75508,Ultrabook,302032
ORD1739,09-04-2023,CUST516,Female,38,Delhi,Accessories,3,76091,Charger,228273
ORD1740,07-11-2023,CUST404,Male,41,Mumbai,Laptop,4,13176,Gaming Laptop,52704
ORD1741,06-01-2023,CUST835,Female,42,Delhi,Camera,2,25692,DSLR,51384
ORD1742,16-07-2023,CUST596,Female,62,Ahmedabad,Camera,2,25222,DSLR,50444
ORD1743,17-12-2023,CUST390,Male,63,Mumbai,Mobile,1,7946,Smartphone,7946
ORD1744,13-05-2023,CUST201,Female,49,Delhi,Mobile,3,5225,Feature Phone,15675
ORD1745,24-12-2023,CUST366,Female,49,Ahmedabad,Accessories,1,58132,Headphones,58132
ORD1746,16-09-2023,CUST966,Male,22,Chennai,Laptop,2,67445,Ultrabook,134890
ORD1747,23-01-2023,CUST721,Female,53,Hyderabad,Tablet,3,74241,Android Tablet,222723
ORD1748,22-02-2023,CUST941,Male,63,Chennai,Mobile,1,16865,Smartphone,16865
ORD1749,14-06-2023,CUST876,Male,59,Delhi,Tablet,1,66292,Android Tablet,66292
ORD1750,21-07-2023,CUST102,Male,59,Mumbai,Tablet,1,65357,iPad,65357
ORD1751,24-03-2023,CUST184,Male,56,Bengaluru,Laptop,1,16204,Gaming Laptop,16204
ORD1752,25-05-2023,CUST893,Female,33,Chennai,Accessories,1,51075,Charger,51075
ORD1753,26-03-2023,CUST427,Female,50,Chennai,Laptop,3,30402,Gaming Laptop,91206
ORD1754,19-03-2023,CUST915,Female,38,Ahmedabad,Mobile,1,1695,Feature Phone,1695
ORD1755,01-01-2023,CUST549,Male,26,Pune,Tablet,3,54017,Android Tablet,162051
ORD1756,20-02-2023,CUST553,Female,23,Bengaluru,Laptop,1,34512,Ultrabook,34512
ORD1757,22-06-2023,CUST728,Female,62,Delhi,Laptop,2,11915,Gaming Laptop,23830
ORD1758,24-07-2023,CUST320,Male,52,Hyderabad,Laptop,2,40034,Ultrabook,80068
ORD1759,17-09-2023,CUST253,Male,56,Mumbai,Mobile,1,22186,Feature Phone,22186
ORD1760,15-10-2023,CUST764,Female,39,Pune,Accessories,4,77698,Headphones,310792
ORD1761,03-02-2023,CUST111,Male,58,Delhi,Laptop,2,29243,Gaming Laptop,58486
ORD1762,14-12-2023,CUST232,Male,22,Kolkata,Mobile,3,32661,Smartphone,97983
ORD1763,05-04-2023,CUST403,Male,59,Hyderabad,Tablet,1,61813,Android Tablet,61813
ORD1764,13-03-2023,CUST392,Male,40,Chennai,Camera,3,2902,Mirrorless,8706
ORD1765,08-02-2023,CUST399,Female,34,Kolkata,Mobile,4,63690,Feature Phone,254760
ORD1766,03-06-2023,CUST839,Male,29,Chennai,Camera,1,53051,Mirrorless,53051
ORD1767,07-09-2023,CUST882,Male,40,Chennai,Laptop,2,13775,Ultrabook,27550
ORD1768,11-06-2023,CUST142,Male,33,Kolkata,Laptop,3,28682,Gaming Laptop,86046
ORD1769,28-04-2023,CUST442,Male,20,Hyderabad,Mobile,2,15415,Feature Phone,30830
ORD1770,16-09-2023,CUST425,Male,47,Ahmedabad,Camera,2,1409,DSLR,2818
ORD1771,02-11-2023,CUST913,Male,39,Kolkata,Laptop,1,66408,Ultrabook,66408
ORD1772,25-09-2023,CUST597,Male,26,Delhi,Tablet,3,23120,Android Tablet,69360
ORD1773,23-02-2023,CUST463,Male,46,Pune,Accessories,4,34612,Headphones,138448
ORD1774,24-08-2023,CUST990,Female,64,Pune,Accessories,2,74551,Cover,149102
ORD1775,10-08-2023,CUST526,Male,54,Kolkata,Laptop,1,2931,Gaming Laptop,2931
ORD1776,08-09-2023,CUST120,Female,40,Delhi,Camera,1,62675,DSLR,62675
ORD1777,09-11-2023,CUST506,Male,30,Ahmedabad,Laptop,4,33124,Ultrabook,132496
ORD1778,22-04-2023,CUST718,Male,49,Pune,Camera,1,76621,DSLR,76621
ORD1779,12-09-2023,CUST435,Male,63,Delhi,Tablet,2,61764,iPad,123528
ORD1780,30-10-2023,CUST914,Male,64,Ahmedabad,Camera,1,32458,Mirrorless,32458
ORD1781,26-07-2023,CUST216,Female,40,Delhi,Laptop,3,2195,Gaming Laptop,6585
ORD1782,17-08-2023,CUST223,Male,62,Chennai,Tablet,3,50432,iPad,151296
ORD1783,07-12-2023,CUST498,Male,34,Pune,Mobile,2,44725,Feature Phone,89450
ORD1784,07-03-2023,CUST892,Female,57,Ahmedabad,Accessories,3,1903,Cover,5709
ORD1785,16-03-2023,CUST903,Female,38,Pune,Laptop,4,74891,Gaming Laptop,299564
ORD1786,13-04-2023,CUST814,Male,19,Chennai,Laptop,1,39136,Gaming Laptop,39136
ORD1787,11-07-2023,CUST150,Female,54,Kolkata,Laptop,2,11339,Gaming Laptop,22678
ORD1788,09-09-2023,CUST882,Female,23,Chennai,Tablet,4,66046,iPad,264184
ORD1789,14-08-2023,CUST423,Female,61,Pune,Mobile,1,48329,Feature Phone,48329
ORD1790,21-10-2023,CUST888,Male,35,Pune,Camera,4,9730,Mirrorless,38920
ORD1791,02-11-2023,CUST240,Male,47,Hyderabad,Mobile,2,52477,Feature Phone,104954
ORD1792,08-04-2023,CUST569,Male,39,Ahmedabad,Tablet,2,40732,iPad,81464
ORD1793,04-12-2023,CUST886,Female,50,Kolkata,Laptop,4,26151,Ultrabook,104604
ORD1794,13-10-2023,CUST901,Male,47,Chennai,Accessories,1,40463,Headphones,40463
ORD1795,01-12-2023,CUST433,Female,34,Ahmedabad,Laptop,3,56372,Ultrabook,169116
ORD1796,13-12-2023,CUST992,Male,60,Mumbai,Camera,3,79698,Mirrorless,239094
ORD1797,04-11-2023,CUST472,Male,49,Ahmedabad,Accessories,4,14239,Charger,56956
ORD1798,06-09-2023,CUST663,Female,59,Mumbai,Laptop,2,63794,Gaming Laptop,127588
ORD1799,15-06-2023,CUST593,Male,31,Kolkata,Accessories,1,48856,Charger,48856
ORD1800,01-12-2023,CUST638,Female,27,Chennai,Mobile,1,2289,Feature Phone,2289
ORD1801,30-01-2023,CUST768,Female,64,Chennai,Tablet,2,19920,Android Tablet,39840
ORD1802,04-09-2023,CUST850,Male,53,Delhi,Laptop,3,38106,Ultrabook,114318
ORD1803,16-04-2023,CUST255,Female,51,Pune,Camera,1,39140,DSLR,39140
ORD1804,20-02-2023,CUST390,Male,26,Bengaluru,Mobile,4,44635,Smartphone,178540
ORD1805,22-03-2023,CUST747,Male,59,Hyderabad,Laptop,3,37567,Ultrabook,112701
ORD1806,13-05-2023,CUST243,Female,45,Ahmedabad,Mobile,4,58920,Feature Phone,235680
ORD1807,12-10-2023,CUST205,Male,28,Kolkata,Camera,3,17857,DSLR,53571
ORD1808,18-05-2023,CUST519,Female,31,Bengaluru,Laptop,2,40351,Ultrabook,80702
ORD1809,03-07-2023,CUST769,Male,56,Ahmedabad,Camera,4,38762,Mirrorless,155048
ORD1810,26-11-2023,CUST757,Male,64,Bengaluru,Accessories,4,77353,Cover,309412
ORD1811,30-09-2023,CUST101,Male,36,Kolkata,Camera,2,59143,DSLR,118286
ORD1812,06-12-2023,CUST688,Male,32,Chennai,Accessories,4,22034,Cover,88136
ORD1813,10-03-2023,CUST743,Male,45,Kolkata,Laptop,3,33372,Ultrabook,100116
ORD1814,03-02-2023,CUST189,Female,41,Ahmedabad,Accessories,1,8189,Charger,8189
ORD1815,19-09-2023,CUST444,Female,25,Bengaluru,Laptop,1,69603,Ultrabook,69603
ORD1816,22-02-2023,CUST449,Female,60,Pune,Laptop,2,37912,Ultrabook,75824
ORD1817,24-07-2023,CUST558,Female,26,Hyderabad,Tablet,3,48234,Android Tablet,144702
ORD1818,06-05-2023,CUST362,Female,64,Hyderabad,Laptop,4,70430,Ultrabook,281720
ORD1819,23-08-2023,CUST450,Female,50,Pune,Accessories,4,22728,Cover,90912
ORD1820,12-02-2023,CUST207,Male,50,Pune,Tablet,1,78424,iPad,78424
ORD1821,28-08-2023,CUST685,Male,36,Chennai,Tablet,4,11819,iPad,47276
ORD1822,21-04-2023,CUST138,Female,20,Ahmedabad,Laptop,1,6975,Gaming Laptop,6975
ORD1823,06-09-2023,CUST258,Female,27,Mumbai,Camera,2,15228,Mirrorless,30456
ORD1824,31-05-2023,CUST682,Male,57,Kolkata,Camera,4,30045,DSLR,120180
ORD1825,02-07-2023,CUST411,Male,64,Hyderabad,Tablet,3,62256,Android Tablet,186768
ORD1826,02-12-2023,CUST340,Male,59,Pune,Laptop,4,69275,Ultrabook,277100
ORD1827,05-04-2023,CUST544,Female,18,Kolkata,Camera,1,39199,Mirrorless,39199
ORD1828,08-01-2023,CUST397,Female,46,Hyderabad,Laptop,2,37321,Ultrabook,74642
ORD1829,26-12-2023,CUST135,Female,51,Pune,Laptop,1,31115,Ultrabook,31115
ORD1830,03-07-2023,CUST183,Male,30,Ahmedabad,Tablet,4,14246,Android Tablet,56984
ORD1831,08-10-2023,CUST551,Male,18,Hyderabad,Tablet,1,23245,iPad,23245
ORD1832,14-07-2023,CUST985,Female,51,Chennai,Mobile,1,1745,Feature Phone,1745
ORD1833,18-12-2023,CUST874,Female,46,Mumbai,Camera,2,25353,Mirrorless,50706
ORD1834,14-07-2023,CUST921,Male,64,Mumbai,Camera,3,28132,Mirrorless,84396
ORD1835,04-06-2023,CUST484,Male,30,Pune,Camera,4,13356,Mirrorless,53424
ORD1836,03-04-2023,CUST271,Male,46,Hyderabad,Accessories,2,57393,Cover,114786
ORD1837,09-06-2023,CUST475,Male,56,Chennai,Laptop,3,71141,Ultrabook,213423
ORD1838,02-03-2023,CUST784,Female,41,Delhi,Tablet,1,68549,Android Tablet,68549
ORD1839,02-05-2023,CUST461,Male,43,Kolkata,Camera,3,58682,Mirrorless,176046
ORD1840,20-02-2023,CUST658,Male,34,Kolkata,Mobile,1,3301,Feature Phone,3301
ORD1841,04-10-2023,CUST990,Male,24,Bengaluru,Camera,1,79931,Mirrorless,79931
ORD1842,05-01-2023,CUST240,Female,30,Chennai,Laptop,2,40249,Gaming Laptop,80498
ORD1843,02-04-2023,CUST986,Female,22,Hyderabad,Laptop,1,74257,Ultrabook,74257
ORD1844,19-06-2023,CUST217,Male,43,Ahmedabad,Tablet,2,56154,Android Tablet,112308
ORD1845,13-11-2023,CUST376,Male,20,Ahmedabad,Accessories,3,72074,Headphones,216222
ORD1846,22-01-2023,CUST825,Male,24,Bengaluru,Tablet,3,55881,iPad,167643
ORD1847,22-11-2023,CUST319,Female,56,Pune,Camera,1,59101,DSLR,59101
ORD1848,01-01-2023,CUST125,Female,18,Hyderabad,Mobile,2,15582,Feature Phone,31164
ORD1849,13-05-2023,CUST620,Female,34,Bengaluru,Tablet,1,15148,iPad,15148
ORD1850,21-08-2023,CUST882,Male,60,Mumbai,Accessories,2,864,Headphones,1728
ORD1851,12-01-2023,CUST109,Female,42,Kolkata,Tablet,2,35068,iPad,70136
ORD1852,12-12-2023,CUST477,Male,20,Hyderabad,Laptop,2,71994,Ultrabook,143988
ORD1853,15-02-2023,CUST732,Male,32,Bengaluru,Camera,3,75132,DSLR,225396
ORD1854,03-02-2023,CUST736,Male,46,Mumbai,Camera,2,7936,DSLR,15872
ORD1855,19-03-2023,CUST781,Female,60,Chennai,Camera,3,27254,DSLR,81762
ORD1856,06-08-2023,CUST683,Male,49,Bengaluru,Camera,2,60694,DSLR,121388
ORD1857,28-10-2023,CUST251,Female,43,Pune,Camera,3,25044,DSLR,75132
ORD1858,14-03-2023,CUST819,Female,33,Pune,Camera,4,60680,DSLR,242720
ORD1859,09-10-2023,CUST148,Male,42,Pune,Mobile,3,63795,Feature Phone,191385
ORD1860,06-09-2023,CUST253,Male,45,Hyderabad,Accessories,3,13138,Headphones,39414
ORD1861,16-02-2023,CUST958,Female,26,Ahmedabad,Camera,1,66215,DSLR,66215
ORD1862,01-05-2023,CUST392,Male,18,Ahmedabad,Accessories,2,69909,Charger,139818
ORD1863,02-08-2023,CUST679,Female,46,Kolkata,Camera,4,17657,DSLR,70628
ORD1864,27-08-2023,CUST149,Male,39,Bengaluru,Tablet,1,46065,Android Tablet,46065
ORD1865,25-02-2023,CUST763,Female,33,Chennai,Camera,2,70496,Mirrorless,140992
ORD1866,16-12-2023,CUST630,Female,58,Bengaluru,Laptop,4,66388,Gaming Laptop,265552
ORD1867,17-04-2023,CUST711,Female,61,Kolkata,Mobile,4,56595,Smartphone,226380
ORD1868,15-11-2023,CUST159,Female,58,Mumbai,Tablet,4,65447,iPad,261788
ORD1869,17-02-2023,CUST266,Male,24,Kolkata,Tablet,2,71380,Android Tablet,142760
ORD1870,02-03-2023,CUST301,Male,31,Pune,Laptop,4,5007,Ultrabook,20028
ORD1871,03-12-2023,CUST956,Female,46,Hyderabad,Camera,4,44488,DSLR,177952
ORD1872,26-01-2023,CUST245,Female,36,Mumbai,Mobile,1,17365,Feature Phone,17365
ORD1873,19-10-2023,CUST775,Male,36,Hyderabad,Tablet,3,27713,iPad,83139
ORD1874,14-09-2023,CUST538,Male,19,Pune,Mobile,2,56454,Feature Phone,112908
ORD1875,08-01-2023,CUST341,Male,58,Delhi,Tablet,3,57950,Android Tablet,173850
ORD1876,23-04-2023,CUST680,Male,62,Kolkata,Camera,1,4977,Mirrorless,4977
ORD1877,21-12-2023,CUST786,Male,32,Kolkata,Tablet,3,62722,Android Tablet,188166
ORD1878,10-09-2023,CUST660,Male,20,Chennai,Tablet,4,7033,iPad,28132
ORD1879,29-06-2023,CUST582,Female,28,Bengaluru,Accessories,4,49895,Charger,199580
ORD1880,26-07-2023,CUST207,Male,63,Mumbai,Camera,2,23896,DSLR,47792
ORD1881,30-10-2023,CUST325,Male,47,Ahmedabad,Laptop,2,13255,Gaming Laptop,26510
ORD1882,07-05-2023,CUST772,Female,57,Hyderabad,Laptop,2,1365,Ultrabook,2730
ORD1883,25-02-2023,CUST730,Male,35,Mumbai,Camera,1,11673,DSLR,11673
ORD1884,02-08-2023,CUST760,Male,19,Chennai,Laptop,2,59405,Gaming Laptop,118810
ORD1885,14-01-2023,CUST761,Male,49,Chennai,Camera,1,38597,DSLR,38597
ORD1886,28-01-2023,CUST531,Male,25,Hyderabad,Laptop,4,33871,Ultrabook,135484
ORD1887,19-03-2023,CUST904,Male,39,Ahmedabad,Accessories,3,11754,Cover,35262
ORD1888,04-08-2023,CUST754,Female,23,Bengaluru,Laptop,4,4518,Ultrabook,18072
ORD1889,31-12-2023,CUST518,Male,29,Hyderabad,Tablet,4,5692,iPad,22768
ORD1890,03-06-2023,CUST554,Female,64,Hyderabad,Camera,4,2515,Mirrorless,10060
ORD1891,14-01-2023,CUST259,Female,57,Pune,Mobile,2,69416,Smartphone,138832
ORD1892,06-07-2023,CUST622,Male,53,Ahmedabad,Mobile,2,28843,Feature Phone,57686
ORD1893,08-11-2023,CUST749,Female,32,Bengaluru,Camera,2,69806,DSLR,139612
ORD1894,07-01-2023,CUST689,Male,45,Kolkata,Accessories,3,6329,Cover,18987
ORD1895,03-01-2023,CUST176,Female,62,Pune,Laptop,2,34881,Ultrabook,69762
ORD1896,21-04-2023,CUST608,Female,35,Delhi,Accessories,1,18763,Charger,18763
ORD1897,26-08-2023,CUST540,Male,19,Ahmedabad,Mobile,4,53760,Feature Phone,215040
ORD1898,29-12-2023,CUST353,Male,30,Bengaluru,Camera,3,43806,DSLR,131418
ORD1899,27-08-2023,CUST869,Male,62,Chennai,Camera,3,58918,DSLR,176754
ORD1900,01-10-2023,CUST419,Male,32,Pune,Accessories,3,648,Charger,1944
ORD1901,21-10-2023,CUST902,Male,37,Bengaluru,Accessories,3,2254,Charger,6762
ORD1902,15-08-2023,CUST362,Female,46,Mumbai,Laptop,3,27245,Gaming Laptop,81735
ORD1903,15-01-2023,CUST696,Female,59,Hyderabad,Tablet,1,73414,Android Tablet,73414
ORD1904,11-07-2023,CUST757,Female,46,Delhi,Tablet,4,56333,iPad,225332
ORD1905,29-04-2023,CUST934,Female,20,Kolkata,Laptop,3,20640,Gaming Laptop,61920
ORD1906,28-01-2023,CUST653,Female,36,Hyderabad,Tablet,4,75407,Android Tablet,301628
ORD1907,21-07-2023,CUST473,Female,20,Mumbai,Mobile,2,61153,Smartphone,122306
ORD1908,08-02-2023,CUST736,Female,31,Mumbai,Tablet,3,62021,Android Tablet,186063
ORD1909,30-09-2023,CUST266,Male,57,Delhi,Laptop,3,78815,Gaming Laptop,236445
ORD1910,19-08-2023,CUST852,Male,21,Kolkata,Tablet,4,31575,Android Tablet,126300
ORD1911,27-03-2023,CUST558,Female,28,Chennai,Camera,3,31197,Mirrorless,93591
ORD1912,06-05-2023,CUST379,Female,48,Pune,Accessories,3,55044,Headphones,165132
ORD1913,27-10-2023,CUST799,Male,60,Ahmedabad,Mobile,3,10295,Feature Phone,30885
ORD1914,25-01-2023,CUST401,Male,49,Kolkata,Camera,1,65055,Mirrorless,65055
ORD1915,25-05-2023,CUST630,Male,44,Ahmedabad,Camera,1,52704,DSLR,52704
ORD1916,13-01-2023,CUST679,Male,47,Bengaluru,Laptop,3,70254,Ultrabook,210762
ORD1917,31-07-2023,CUST317,Female,60,Mumbai,Accessories,1,65360,Cover,65360
ORD1918,25-01-2023,CUST201,Male,19,Bengaluru,Accessories,2,52029,Cover,104058
ORD1919,09-03-2023,CUST653,Female,26,Chennai,Mobile,3,12172,Feature Phone,36516
ORD1920,08-03-2023,CUST387,Female,45,Bengaluru,Laptop,2,54738,Ultrabook,109476
ORD1921,21-08-2023,CUST266,Female,48,Kolkata,Mobile,4,36450,Feature Phone,145800
ORD1922,19-04-2023,CUST720,Male,51,Bengaluru,Tablet,2,11509,iPad,23018
ORD1923,26-05-2023,CUST135,Male,32,Chennai,Camera,4,47596,DSLR,190384
ORD1924,21-04-2023,CUST843,Female,42,Chennai,Mobile,3,20044,Feature Phone,60132
ORD1925,16-08-2023,CUST840,Female,53,Chennai,Camera,4,56228,Mirrorless,224912
ORD1926,21-04-2023,CUST452,Female,25,Kolkata,Laptop,4,29881,Gaming Laptop,119524
ORD1927,03-02-2023,CUST775,Male,26,Chennai,Tablet,2,25787,Android Tablet,51574
ORD1928,21-04-2023,CUST998,Female,54,Mumbai,Laptop,2,65110,Gaming Laptop,130220
ORD1929,21-09-2023,CUST172,Male,62,Hyderabad,Tablet,2,68622,iPad,137244
ORD1930,24-08-2023,CUST747,Female,56,Chennai,Tablet,3,68684,Android Tablet,206052
ORD1931,24-03-2023,CUST452,Female,49,Bengaluru,Camera,3,40581,DSLR,121743
ORD1932,11-02-2023,CUST990,Female,34,Pune,Laptop,2,45812,Gaming Laptop,91624
ORD1933,11-04-2023,CUST169,Male,52,Bengaluru,Laptop,3,73443,Gaming Laptop,220329
ORD1934,06-01-2023,CUST524,Male,54,Pune,Mobile,3,53226,Smartphone,159678
ORD1935,29-06-2023,CUST807,Female,36,Bengaluru,Laptop,4,22711,Gaming Laptop,90844
ORD1936,09-10-2023,CUST880,Male,61,Kolkata,Mobile,4,29980,Feature Phone,119920
ORD1937,16-11-2023,CUST660,Female,46,Bengaluru,Accessories,2,48280,Cover,96560
ORD1938,14-08-2023,CUST927,Male,24,Kolkata,Accessories,3,57638,Charger,172914
ORD1939,11-11-2023,CUST741,Male,45,Kolkata,Accessories,4,43003,Cover,172012
ORD1940,31-12-2023,CUST616,Male,26,Chennai,Laptop,1,58393,Gaming Laptop,58393
ORD1941,17-08-2023,CUST527,Female,45,Mumbai,Laptop,3,46693,Gaming Laptop,140079
ORD1942,16-10-2023,CUST638,Male,23,Pune,Mobile,1,61858,Feature Phone,61858
ORD1943,30-05-2023,CUST259,Male,46,Chennai,Tablet,2,78682,Android Tablet,157364
ORD1944,04-10-2023,CUST248,Female,34,Chennai,Mobile,3,22617,Smartphone,67851
ORD1945,17-07-2023,CUST875,Female,33,Hyderabad,Accessories,2,59556,Cover,119112
ORD1946,11-03-2023,CUST329,Female,40,Kolkata,Mobile,2,59206,Smartphone,118412
ORD1947,22-04-2023,CUST811,Female,48,Kolkata,Tablet,2,70929,iPad,141858
ORD1948,04-01-2023,CUST661,Male,20,Pune,Laptop,2,9976,Ultrabook,19952
ORD1949,16-12-2023,CUST166,Male,38,Bengaluru,Mobile,2,55506,Feature Phone,111012
ORD1950,27-11-2023,CUST911,Male,43,Bengaluru,Accessories,3,70418,Charger,211254
ORD1951,14-11-2023,CUST480,Male,53,Ahmedabad,Accessories,1,63655,Cover,63655
ORD1952,16-12-2023,CUST157,Male,59,Chennai,Laptop,3,67821,Gaming Laptop,203463
ORD1953,05-04-2023,CUST358,Female,54,Ahmedabad,Mobile,3,46298,Smartphone,138894
ORD1954,01-06-2023,CUST441,Male,39,Delhi,Tablet,3,77771,iPad,233313
ORD1955,07-11-2023,CUST937,Male,59,Delhi,Laptop,4,30677,Gaming Laptop,122708
ORD1956,17-05-2023,CUST229,Male,29,Ahmedabad,Mobile,4,43513,Feature Phone,174052
ORD1957,04-09-2023,CUST826,Female,59,Bengaluru,Camera,3,53950,DSLR,161850
ORD1958,31-08-2023,CUST271,Female,30,Delhi,Accessories,1,48428,Headphones,48428
ORD1959,31-01-2023,CUST869,Male,28,Hyderabad,Tablet,3,45882,Android Tablet,137646
ORD1960,09-02-2023,CUST713,Female,33,Bengaluru,Tablet,2,1260,Android Tablet,2520
ORD1961,17-08-2023,CUST308,Female,25,Kolkata,Tablet,4,24642,Android Tablet,98568
ORD1962,05-02-2023,CUST902,Female,57,Chennai,Accessories,4,17790,Headphones,71160
ORD1963,11-08-2023,CUST453,Female,57,Mumbai,Mobile,3,71535,Smartphone,214605
ORD1964,06-01-2023,CUST570,Female,62,Chennai,Laptop,3,864,Gaming Laptop,2592
ORD1965,18-11-2023,CUST897,Female,19,Ahmedabad,Mobile,1,57421,Feature Phone,57421
ORD1966,08-08-2023,CUST215,Female,47,Bengaluru,Laptop,1,20297,Gaming Laptop,20297
ORD1967,16-03-2023,CUST363,Male,47,Ahmedabad,Tablet,2,33035,Android Tablet,66070
ORD1968,04-01-2023,CUST761,Male,29,Hyderabad,Mobile,3,46800,Smartphone,140400
ORD1969,01-12-2023,CUST911,Female,27,Bengaluru,Tablet,3,47676,Android Tablet,143028
ORD1970,14-05-2023,CUST541,Male,61,Chennai,Camera,3,16605,DSLR,49815
ORD1971,28-04-2023,CUST647,Male,28,Hyderabad,Tablet,4,8439,iPad,33756
ORD1972,04-04-2023,CUST552,Female,32,Hyderabad,Tablet,2,79972,iPad,159944
ORD1973,03-03-2023,CUST944,Male,33,Hyderabad,Laptop,1,42529,Ultrabook,42529
ORD1974,13-07-2023,CUST576,Female,34,Pune,Camera,4,16363,DSLR,65452
ORD1975,01-12-2023,CUST386,Female,43,Bengaluru,Tablet,4,78597,iPad,314388
ORD1976,22-07-2023,CUST402,Female,19,Delhi,Tablet,4,10947,Android Tablet,43788
ORD1977,26-01-2023,CUST410,Male,29,Delhi,Camera,4,47440,DSLR,189760
ORD1978,22-06-2023,CUST307,Male,43,Bengaluru,Camera,2,78447,DSLR,156894
ORD1979,27-10-2023,CUST717,Male,40,Bengaluru,Mobile,3,20142,Smartphone,60426
ORD1980,13-05-2023,CUST545,Male,35,Pune,Laptop,1,68143,Ultrabook,68143
ORD1981,22-11-2023,CUST769,Female,49,Delhi,Camera,1,8428,Mirrorless,8428
ORD1982,28-04-2023,CUST732,Female,55,Bengaluru,Camera,4,48502,Mirrorless,194008
ORD1983,20-11-2023,CUST154,Male,64,Bengaluru,Accessories,4,25517,Cover,102068
ORD1984,02-10-2023,CUST111,Female,20,Ahmedabad,Camera,2,79564,Mirrorless,159128
ORD1985,31-07-2023,CUST756,Female,55,Pune,Laptop,4,13813,Ultrabook,55252
ORD1986,13-08-2023,CUST499,Male,20,Pune,Tablet,1,2059,Android Tablet,2059
ORD1987,20-01-2023,CUST747,Female,47,Chennai,Tablet,1,51393,iPad,51393
ORD1988,23-04-2023,CUST614,Male,18,Pune,Tablet,3,15667,Android Tablet,47001
ORD1989,20-05-2023,CUST755,Female,47,Mumbai,Tablet,3,39098,iPad,117294
ORD1990,16-02-2023,CUST641,Male,62,Delhi,Accessories,1,8023,Charger,8023
ORD1991,01-01-2023,CUST336,Female,49,Chennai,Camera,1,50277,Mirrorless,50277
ORD1992,31-03-2023,CUST378,Female,45,Mumbai,Tablet,2,28939,Android Tablet,57878
ORD1993,22-05-2023,CUST447,Male,38,Bengaluru,Mobile,2,13785,Feature Phone,27570
ORD1994,16-11-2023,CUST726,Male,63,Ahmedabad,Tablet,1,11473,iPad,11473
ORD1995,07-02-2023,CUST203,Male,30,Ahmedabad,Camera,4,23194,Mirrorless,92776
ORD1996,20-10-2023,CUST729,Male,44,Bengaluru,Tablet,3,36274,iPad,108822
ORD1997,19-05-2023,CUST616,Female,53,Chennai,Accessories,1,4802,Headphones,4802
ORD1998,22-12-2023,CUST971,Female,24,Pune,Laptop,4,22891,Gaming Laptop,91564
ORD1999,29-11-2023,CUST347,Male,39,Hyderabad,Laptop,1,5111,Ultrabook,5111
ORD2000,16-09-2023,CUST463,Female,27,Ahmedabad,Camera,3,9872,Mirrorless,29616
ORD2001,10-06-2023,CUST420,Male,56,Hyderabad,Laptop,3,24812,Ultrabook,74436
ORD2002,27-06-2023,CUST732,Male,32,Bengaluru,Laptop,2,14580,Gaming Laptop,29160
ORD2003,10-01-2023,CUST385,Female,32,Hyderabad,Mobile,2,21374,Feature Phone,42748
ORD2004,18-09-2023,CUST248,Female,21,Kolkata,Camera,2,63037,Mirrorless,126074
ORD2005,18-05-2023,CUST183,Male,49,Chennai,Camera,2,74414,DSLR,148828
ORD2006,21-06-2023,CUST505,Male,40,Mumbai,Laptop,3,2097,Gaming Laptop,6291
ORD2007,13-01-2023,CUST555,Male,23,Chennai,Laptop,4,12100,Gaming Laptop,48400
ORD2008,17-06-2023,CUST842,Female,41,Delhi,Laptop,4,4247,Ultrabook,16988
ORD2009,10-05-2023,CUST899,Female,37,Pune,Accessories,4,79915,Headphones,319660
ORD2010,25-03-2023,CUST260,Female,54,Pune,Tablet,1,79053,Android Tablet,79053
ORD2011,17-11-2023,CUST883,Female,37,Chennai,Accessories,2,25315,Charger,50630
ORD2012,15-11-2023,CUST559,Male,29,Bengaluru,Camera,2,25214,DSLR,50428
ORD2013,11-04-2023,CUST649,Male,50,Bengaluru,Mobile,3,19390,Feature Phone,58170
ORD2014,25-11-2023,CUST599,Male,45,Kolkata,Tablet,3,62009,iPad,186027
ORD2015,30-09-2023,CUST837,Male,25,Kolkata,Mobile,1,62324,Smartphone,62324
ORD2016,22-09-2023,CUST608,Male,18,Pune,Camera,1,5225,Mirrorless,5225
ORD2017,07-02-2023,CUST753,Male,54,Kolkata,Camera,4,43705,DSLR,174820
ORD2018,04-04-2023,CUST903,Female,39,Ahmedabad,Mobile,3,21184,Smartphone,63552
ORD2019,05-04-2023,CUST580,Female,23,Ahmedabad,Mobile,2,58411,Smartphone,116822
ORD2020,01-11-2023,CUST762,Male,38,Mumbai,Mobile,4,13592,Feature Phone,54368
ORD2021,10-03-2023,CUST213,Male,49,Kolkata,Camera,2,40270,DSLR,80540
ORD2022,14-11-2023,CUST848,Female,52,Mumbai,Laptop,4,25957,Ultrabook,103828
ORD2023,24-08-2023,CUST677,Female,32,Kolkata,Mobile,2,72167,Feature Phone,144334
ORD2024,30-11-2023,CUST460,Female,22,Pune,Tablet,1,63394,iPad,63394
ORD2025,17-05-2023,CUST440,Female,63,Pune,Camera,4,61805,DSLR,247220
ORD2026,17-03-2023,CUST869,Male,23,Mumbai,Accessories,2,13112,Headphones,26224
ORD2027,04-02-2023,CUST860,Male,42,Chennai,Accessories,2,79127,Headphones,158254
ORD2028,01-01-2023,CUST548,Male,63,Pune,Tablet,3,37589,iPad,112767
ORD2029,23-10-2023,CUST942,Male,57,Chennai,Laptop,4,52637,Ultrabook,210548
ORD2030,16-11-2023,CUST934,Male,46,Bengaluru,Mobile,2,1059,Smartphone,2118
ORD2031,01-03-2023,CUST279,Female,24,Ahmedabad,Camera,3,66749,Mirrorless,200247
ORD2032,16-11-2023,CUST801,Male,57,Mumbai,Mobile,2,37861,Feature Phone,75722
ORD2033,15-12-2023,CUST506,Female,30,Hyderabad,Camera,4,15761,Mirrorless,63044
ORD2034,24-11-2023,CUST765,Male,55,Pune,Accessories,1,20872,Cover,20872
ORD2035,24-09-2023,CUST295,Male,35,Delhi,Mobile,4,55855,Feature Phone,223420
ORD2036,27-12-2023,CUST565,Male,19,Bengaluru,Tablet,4,58420,Android Tablet,233680
ORD2037,17-08-2023,CUST410,Male,25,Chennai,Laptop,2,33044,Ultrabook,66088
ORD2038,27-09-2023,CUST361,Male,28,Pune,Tablet,2,537,Android Tablet,1074
ORD2039,12-11-2023,CUST518,Female,50,Mumbai,Laptop,4,43532,Ultrabook,174128
ORD2040,13-10-2023,CUST505,Female,55,Hyderabad,Mobile,3,78733,Smartphone,236199
ORD2041,18-10-2023,CUST242,Female,44,Kolkata,Mobile,3,41920,Feature Phone,125760
ORD2042,01-08-2023,CUST441,Male,37,Hyderabad,Laptop,3,35100,Gaming Laptop,105300
ORD2043,14-06-2023,CUST415,Male,29,Delhi,Accessories,2,48785,Charger,97570
ORD2044,05-01-2023,CUST200,Female,60,Chennai,Camera,2,62508,Mirrorless,125016
ORD2045,05-12-2023,CUST343,Male,48,Bengaluru,Tablet,4,5667,Android Tablet,22668
ORD2046,19-03-2023,CUST589,Male,44,Hyderabad,Tablet,1,932,Android Tablet,932
ORD2047,03-03-2023,CUST111,Female,49,Mumbai,Tablet,2,70187,Android Tablet,140374
ORD2048,12-05-2023,CUST338,Male,27,Delhi,Mobile,4,72447,Smartphone,289788
ORD2049,30-03-2023,CUST660,Female,20,Mumbai,Tablet,4,51403,Android Tablet,205612
ORD2050,25-08-2023,CUST141,Male,62,Pune,Camera,1,54649,Mirrorless,54649
ORD2051,11-02-2023,CUST777,Female,44,Kolkata,Camera,3,57268,DSLR,171804
ORD2052,30-03-2023,CUST693,Male,52,Bengaluru,Laptop,4,60684,Gaming Laptop,242736
ORD2053,23-10-2023,CUST528,Male,48,Mumbai,Mobile,4,66292,Feature Phone,265168
ORD2054,24-11-2023,CUST902,Female,32,Chennai,Camera,4,33939,DSLR,135756
ORD2055,22-10-2023,CUST257,Male,33,Pune,Accessories,3,33757,Cover,101271
ORD2056,14-04-2023,CUST315,Male,30,Pune,Mobile,3,45174,Smartphone,135522
ORD2057,14-01-2023,CUST769,Female,52,Bengaluru,Mobile,1,51748,Feature Phone,51748
ORD2058,15-10-2023,CUST561,Male,28,Pune,Camera,2,45871,DSLR,91742
ORD2059,28-06-2023,CUST233,Female,38,Chennai,Accessories,3,68496,Charger,205488
ORD2060,05-05-2023,CUST166,Male,28,Mumbai,Laptop,2,37797,Ultrabook,75594
ORD2061,19-12-2023,CUST947,Male,47,Bengaluru,Camera,2,54773,DSLR,109546
ORD2062,23-01-2023,CUST106,Male,52,Ahmedabad,Accessories,3,61756,Headphones,185268
ORD2063,04-03-2023,CUST625,Male,39,Pune,Mobile,4,35243,Smartphone,140972
ORD2064,23-05-2023,CUST172,Female,55,Pune,Accessories,1,69252,Headphones,69252
ORD2065,02-06-2023,CUST498,Male,48,Chennai,Mobile,2,75617,Smartphone,151234
ORD2066,25-05-2023,CUST504,Female,31,Kolkata,Camera,4,70551,DSLR,282204
ORD2067,13-08-2023,CUST774,Male,41,Kolkata,Camera,3,22576,Mirrorless,67728
ORD2068,05-11-2023,CUST677,Male,49,Hyderabad,Tablet,2,75812,iPad,151624
ORD2069,14-04-2023,CUST958,Male,53,Pune,Tablet,2,3463,iPad,6926
ORD2070,14-04-2023,CUST229,Male,49,Ahmedabad,Tablet,2,72822,iPad,145644
ORD2071,08-02-2023,CUST565,Female,32,Mumbai,Camera,4,14366,DSLR,57464
ORD2072,17-07-2023,CUST305,Female,60,Bengaluru,Laptop,4,32805,Gaming Laptop,131220
ORD2073,14-05-2023,CUST887,Female,52,Pune,Camera,4,62903,Mirrorless,251612
ORD2074,08-03-2023,CUST867,Female,20,Delhi,Accessories,2,33313,Headphones,66626
ORD2075,28-06-2023,CUST365,Male,33,Bengaluru,Camera,2,67229,Mirrorless,134458
ORD2076,11-02-2023,CUST636,Female,22,Hyderabad,Camera,1,61186,Mirrorless,61186
ORD2077,15-01-2023,CUST892,Female,38,Kolkata,Mobile,1,5012,Feature Phone,5012
ORD2078,21-04-2023,CUST352,Male,27,Ahmedabad,Mobile,4,23166,Feature Phone,92664
ORD2079,06-06-2023,CUST921,Male,36,Pune,Mobile,4,17130,Smartphone,68520
ORD2080,16-10-2023,CUST388,Male,42,Chennai,Camera,3,75019,DSLR,225057
ORD2081,19-08-2023,CUST263,Male,21,Delhi,Laptop,4,1136,Ultrabook,4544
ORD2082,06-06-2023,CUST194,Female,46,Pune,Accessories,1,4275,Charger,4275
ORD2083,07-02-2023,CUST881,Female,36,Ahmedabad,Accessories,1,68457,Charger,68457
ORD2084,07-04-2023,CUST932,Male,60,Hyderabad,Laptop,1,65091,Gaming Laptop,65091
ORD2085,16-10-2023,CUST209,Male,19,Mumbai,Laptop,2,79061,Ultrabook,158122
ORD2086,11-09-2023,CUST435,Male,27,Delhi,Accessories,2,75316,Charger,150632
ORD2087,15-07-2023,CUST921,Female,60,Hyderabad,Tablet,4,11851,Android Tablet,47404
ORD2088,27-03-2023,CUST337,Female,42,Pune,Mobile,3,55684,Smartphone,167052
ORD2089,18-11-2023,CUST480,Male,37,Mumbai,Mobile,3,69680,Smartphone,209040
ORD2090,10-01-2023,CUST535,Male,36,Delhi,Accessories,3,73809,Headphones,221427
ORD2091,05-01-2023,CUST998,Female,40,Mumbai,Laptop,2,11278,Gaming Laptop,22556
ORD2092,03-05-2023,CUST582,Male,41,Mumbai,Tablet,1,13001,Android Tablet,13001
ORD2093,26-11-2023,CUST124,Male,28,Delhi,Accessories,1,2608,Cover,2608
ORD2094,19-12-2023,CUST752,Female,63,Delhi,Mobile,2,36882,Smartphone,73764
ORD2095,28-04-2023,CUST216,Male,51,Mumbai,Camera,3,76287,DSLR,228861
ORD2096,21-10-2023,CUST581,Female,45,Hyderabad,Laptop,3,23841,Ultrabook,71523
ORD2097,08-06-2023,CUST491,Male,22,Ahmedabad,Camera,4,77714,DSLR,310856
ORD2098,30-10-2023,CUST636,Male,22,Kolkata,Accessories,4,14867,Charger,59468
ORD2099,16-08-2023,CUST178,Female,38,Delhi,Mobile,3,70368,Feature Phone,211104
ORD2100,31-12-2023,CUST679,Female,29,Pune,Tablet,2,12502,iPad,25004
ORD2101,04-08-2023,CUST272,Male,21,Bengaluru,Camera,3,60449,Mirrorless,181347
ORD2102,03-07-2023,CUST111,Female,59,Chennai,Tablet,4,16200,iPad,64800
ORD2103,15-01-2023,CUST899,Male,37,Mumbai,Mobile,3,79805,Smartphone,239415
ORD2104,06-06-2023,CUST227,Male,55,Mumbai,Camera,2,63043,Mirrorless,126086
ORD2105,16-05-2023,CUST707,Female,42,Chennai,Tablet,1,29818,iPad,29818
ORD2106,18-09-2023,CUST191,Male,31,Kolkata,Tablet,2,28110,iPad,56220
ORD2107,06-06-2023,CUST752,Male,28,Chennai,Camera,2,72999,Mirrorless,145998
ORD2108,16-02-2023,CUST642,Female,49,Delhi,Mobile,4,73874,Smartphone,295496
ORD2109,20-11-2023,CUST945,Female,28,Chennai,Tablet,2,65726,iPad,131452
ORD2110,28-11-2023,CUST631,Male,35,Mumbai,Accessories,2,45667,Cover,91334
ORD2111,22-06-2023,CUST757,Female,44,Chennai,Camera,4,78279,DSLR,313116
ORD2112,10-05-2023,CUST927,Female,35,Bengaluru,Laptop,4,28439,Ultrabook,113756
ORD2113,05-04-2023,CUST546,Female,40,Pune,Laptop,1,61865,Ultrabook,61865
ORD2114,25-04-2023,CUST489,Female,28,Delhi,Mobile,3,67881,Smartphone,203643
ORD2115,31-08-2023,CUST771,Male,38,Chennai,Accessories,2,47210,Charger,94420
ORD2116,19-10-2023,CUST960,Male,61,Mumbai,Tablet,4,17266,Android Tablet,69064
ORD2117,09-10-2023,CUST142,Male,22,Hyderabad,Laptop,1,13280,Gaming Laptop,13280
ORD2118,26-10-2023,CUST353,Female,40,Pune,Mobile,3,48958,Feature Phone,146874
ORD2119,10-10-2023,CUST229,Female,58,Delhi,Accessories,4,56721,Cover,226884
ORD2120,10-03-2023,CUST159,Female,42,Mumbai,Accessories,3,2009,Cover,6027
ORD2121,28-05-2023,CUST762,Female,58,Kolkata,Mobile,3,34846,Smartphone,104538
ORD2122,11-01-2023,CUST566,Female,27,Bengaluru,Mobile,2,47374,Feature Phone,94748
ORD2123,11-09-2023,CUST386,Female,39,Ahmedabad,Tablet,2,26648,Android Tablet,53296
ORD2124,26-11-2023,CUST616,Female,36,Kolkata,Mobile,4,32033,Feature Phone,128132
ORD2125,26-12-2023,CUST566,Male,18,Ahmedabad,Tablet,3,78967,iPad,236901
ORD2126,07-02-2023,CUST877,Male,24,Bengaluru,Tablet,4,1859,Android Tablet,7436
ORD2127,14-05-2023,CUST444,Female,21,Chennai,Camera,4,60813,Mirrorless,243252
ORD2128,19-07-2023,CUST741,Female,18,Delhi,Accessories,3,20844,Headphones,62532
ORD2129,23-01-2023,CUST481,Female,32,Chennai,Accessories,4,70278,Cover,281112
ORD2130,30-10-2023,CUST878,Male,57,Bengaluru,Accessories,3,21101,Charger,63303
ORD2131,12-12-2023,CUST789,Male,29,Bengaluru,Camera,3,19616,Mirrorless,58848
ORD2132,29-10-2023,CUST352,Female,39,Bengaluru,Tablet,3,57485,iPad,172455
ORD2133,29-12-2023,CUST155,Female,39,Ahmedabad,Tablet,3,31282,Android Tablet,93846
ORD2134,06-08-2023,CUST562,Male,64,Pune,Mobile,1,50319,Smartphone,50319
ORD2135,21-05-2023,CUST556,Male,34,Mumbai,Camera,3,69535,DSLR,208605
ORD2136,14-04-2023,CUST182,Male,46,Delhi,Mobile,2,44958,Feature Phone,89916
ORD2137,29-07-2023,CUST198,Male,63,Chennai,Camera,2,8580,DSLR,17160
ORD2138,21-04-2023,CUST248,Female,31,Chennai,Mobile,2,34457,Smartphone,68914
ORD2139,14-04-2023,CUST428,Male,37,Kolkata,Laptop,3,14408,Ultrabook,43224
ORD2140,12-11-2023,CUST255,Male,50,Ahmedabad,Accessories,2,78787,Charger,157574
ORD2141,20-06-2023,CUST289,Female,60,Bengaluru,Accessories,1,47982,Cover,47982
ORD2142,22-12-2023,CUST593,Male,32,Hyderabad,Tablet,4,38814,iPad,155256
ORD2143,20-11-2023,CUST982,Male,29,Bengaluru,Laptop,3,75421,Gaming Laptop,226263
ORD2144,13-05-2023,CUST362,Male,57,Bengaluru,Accessories,2,16331,Headphones,32662
ORD2145,20-10-2023,CUST179,Female,37,Hyderabad,Tablet,1,20625,Android Tablet,20625
ORD2146,24-11-2023,CUST499,Male,47,Chennai,Laptop,4,62951,Gaming Laptop,251804
ORD2147,07-05-2023,CUST863,Female,55,Kolkata,Accessories,1,46208,Headphones,46208
ORD2148,16-04-2023,CUST708,Female,20,Mumbai,Mobile,2,18182,Feature Phone,36364
ORD2149,02-04-2023,CUST359,Male,45,Hyderabad,Camera,1,36294,DSLR,36294
ORD2150,14-10-2023,CUST871,Male,43,Ahmedabad,Laptop,4,59872,Ultrabook,239488
ORD2151,20-02-2023,CUST714,Male,47,Pune,Tablet,2,39977,Android Tablet,79954
ORD2152,29-01-2023,CUST651,Male,30,Delhi,Laptop,4,54363,Gaming Laptop,217452
ORD2153,23-10-2023,CUST884,Female,30,Ahmedabad,Tablet,1,39237,iPad,39237
ORD2154,24-10-2023,CUST200,Male,19,Hyderabad,Laptop,3,3120,Gaming Laptop,9360
ORD2155,02-08-2023,CUST458,Male,54,Mumbai,Tablet,3,35557,Android Tablet,106671
ORD2156,24-09-2023,CUST479,Male,55,Chennai,Accessories,3,40638,Charger,121914
ORD2157,14-09-2023,CUST919,Female,19,Pune,Mobile,3,79890,Feature Phone,239670
ORD2158,29-10-2023,CUST320,Male,53,Pune,Accessories,4,53524,Cover,214096
ORD2159,11-04-2023,CUST919,Male,43,Pune,Mobile,3,10177,Smartphone,30531
ORD2160,12-12-2023,CUST519,Female,28,Bengaluru,Accessories,4,44611,Headphones,178444
ORD2161,20-04-2023,CUST223,Female,25,Delhi,Accessories,2,24574,Headphones,49148
ORD2162,01-07-2023,CUST521,Male,61,Chennai,Laptop,3,18324,Ultrabook,54972
ORD2163,09-11-2023,CUST330,Male,57,Chennai,Camera,4,1265,Mirrorless,5060
ORD2164,01-01-2023,CUST789,Male,60,Pune,Tablet,3,45939,Android Tablet,137817
ORD2165,15-11-2023,CUST162,Male,39,Chennai,Tablet,3,49426,iPad,148278
ORD2166,24-02-2023,CUST584,Male,37,Delhi,Tablet,3,37360,Android Tablet,112080
ORD2167,29-05-2023,CUST727,Female,25,Delhi,Mobile,4,13475,Smartphone,53900
ORD2168,05-11-2023,CUST802,Female,46,Kolkata,Tablet,1,75377,iPad,75377
ORD2169,17-05-2023,CUST673,Male,57,Hyderabad,Tablet,3,78370,iPad,235110
ORD2170,21-07-2023,CUST867,Male,43,Hyderabad,Laptop,3,27048,Ultrabook,81144
ORD2171,09-11-2023,CUST582,Female,47,Kolkata,Accessories,2,39236,Headphones,78472
ORD2172,27-04-2023,CUST618,Male,34,Mumbai,Tablet,1,62062,Android Tablet,62062
ORD2173,03-06-2023,CUST254,Male,37,Hyderabad,Camera,4,40909,DSLR,163636
ORD2174,18-10-2023,CUST191,Male,33,Delhi,Tablet,2,10334,iPad,20668
ORD2175,04-03-2023,CUST625,Male,63,Delhi,Mobile,3,1340,Feature Phone,4020
ORD2176,01-09-2023,CUST554,Male,60,Hyderabad,Mobile,2,79909,Feature Phone,159818
ORD2177,25-01-2023,CUST840,Female,24,Delhi,Mobile,2,32068,Smartphone,64136
ORD2178,31-03-2023,CUST697,Male,33,Kolkata,Tablet,3,11346,Android Tablet,34038
ORD2179,16-03-2023,CUST744,Male,62,Pune,Laptop,1,6399,Ultrabook,6399
ORD2180,21-10-2023,CUST609,Male,64,Pune,Camera,1,66601,Mirrorless,66601
ORD2181,29-07-2023,CUST282,Female,44,Chennai,Tablet,2,39273,iPad,78546
ORD2182,13-12-2023,CUST485,Female,40,Ahmedabad,Laptop,3,75223,Ultrabook,225669
ORD2183,17-01-2023,CUST673,Female,41,Ahmedabad,Laptop,4,73262,Gaming Laptop,293048
ORD2184,08-05-2023,CUST830,Female,26,Pune,Tablet,2,4811,Android Tablet,9622
ORD2185,30-12-2023,CUST504,Male,52,Bengaluru,Tablet,4,57388,Android Tablet,229552
ORD2186,08-09-2023,CUST345,Female,37,Kolkata,Laptop,2,42116,Ultrabook,84232
ORD2187,28-06-2023,CUST841,Male,54,Delhi,Laptop,2,52634,Gaming Laptop,105268
ORD2188,01-07-2023,CUST690,Male,59,Hyderabad,Laptop,3,6583,Ultrabook,19749
ORD2189,01-06-2023,CUST760,Female,34,Pune,Tablet,3,13098,iPad,39294
ORD2190,25-01-2023,CUST749,Female,64,Kolkata,Laptop,4,3080,Ultrabook,12320
ORD2191,29-06-2023,CUST570,Female,48,Pune,Mobile,4,57895,Smartphone,231580
ORD2192,17-07-2023,CUST925,Female,25,Mumbai,Tablet,1,42821,Android Tablet,42821
ORD2193,10-12-2023,CUST987,Female,32,Delhi,Mobile,3,9886,Feature Phone,29658
ORD2194,10-06-2023,CUST522,Male,48,Mumbai,Accessories,2,53671,Headphones,107342
ORD2195,26-06-2023,CUST164,Female,47,Delhi,Tablet,2,20022,iPad,40044
ORD2196,12-10-2023,CUST112,Female,63,Kolkata,Accessories,1,66032,Charger,66032
ORD2197,04-03-2023,CUST312,Female,37,Chennai,Laptop,3,15135,Ultrabook,45405
ORD2198,30-05-2023,CUST341,Male,56,Pune,Laptop,2,1171,Gaming Laptop,2342
ORD2199,03-06-2023,CUST592,Female,29,Pune,Camera,1,34045,DSLR,34045
ORD2200,05-06-2023,CUST312,Male,34,Bengaluru,Laptop,1,54579,Ultrabook,54579
ORD2201,18-02-2023,CUST792,Female,59,Hyderabad,Accessories,2,27355,Cover,54710
ORD2202,03-12-2023,CUST437,Female,47,Mumbai,Laptop,2,36290,Gaming Laptop,72580
ORD2203,25-03-2023,CUST272,Male,46,Pune,Tablet,4,51512,Android Tablet,206048
ORD2204,27-12-2023,CUST771,Female,36,Kolkata,Laptop,3,14760,Gaming Laptop,44280
ORD2205,26-06-2023,CUST263,Male,63,Chennai,Camera,4,65639,Mirrorless,262556
ORD2206,28-05-2023,CUST564,Male,28,Hyderabad,Laptop,1,1574,Gaming Laptop,1574
ORD2207,28-04-2023,CUST596,Male,51,Kolkata,Accessories,2,43176,Charger,86352
ORD2208,08-12-2023,CUST799,Female,24,Mumbai,Accessories,4,9975,Charger,39900
ORD2209,04-03-2023,CUST494,Female,61,Bengaluru,Laptop,1,78914,Gaming Laptop,78914
ORD2210,08-07-2023,CUST802,Female,51,Pune,Accessories,3,15620,Charger,46860
ORD2211,26-12-2023,CUST407,Male,37,Kolkata,Accessories,2,23647,Charger,47294
ORD2212,18-02-2023,CUST867,Female,55,Hyderabad,Camera,4,2486,DSLR,9944
ORD2213,23-11-2023,CUST282,Male,41,Delhi,Tablet,3,32930,iPad,98790
ORD2214,14-09-2023,CUST728,Female,27,Chennai,Camera,4,55979,Mirrorless,223916
ORD2215,12-08-2023,CUST893,Male,49,Hyderabad,Mobile,1,2676,Smartphone,2676
ORD2216,21-05-2023,CUST609,Male,32,Kolkata,Camera,3,62418,DSLR,187254
ORD2217,03-08-2023,CUST807,Male,54,Chennai,Laptop,4,27615,Gaming Laptop,110460
ORD2218,30-07-2023,CUST645,Female,37,Pune,Tablet,3,77942,Android Tablet,233826
ORD2219,14-11-2023,CUST663,Male,20,Delhi,Laptop,1,40502,Gaming Laptop,40502
ORD2220,01-02-2023,CUST723,Male,54,Bengaluru,Mobile,3,57624,Feature Phone,172872
ORD2221,07-06-2023,CUST863,Male,57,Hyderabad,Tablet,4,7110,iPad,28440
ORD2222,12-10-2023,CUST693,Male,25,Bengaluru,Accessories,1,50252,Cover,50252
ORD2223,01-11-2023,CUST843,Male,57,Delhi,Camera,2,79447,DSLR,158894
ORD2224,13-10-2023,CUST326,Male,61,Chennai,Laptop,4,75216,Ultrabook,300864
ORD2225,24-05-2023,CUST844,Female,40,Pune,Mobile,4,48493,Smartphone,193972
ORD2226,19-01-2023,CUST832,Female,57,Kolkata,Accessories,1,10573,Headphones,10573
ORD2227,18-01-2023,CUST535,Male,28,Delhi,Camera,1,37751,Mirrorless,37751
ORD2228,14-09-2023,CUST521,Female,63,Mumbai,Accessories,2,71937,Headphones,143874
ORD2229,19-03-2023,CUST653,Female,25,Chennai,Camera,4,39397,Mirrorless,157588
ORD2230,24-06-2023,CUST120,Male,46,Bengaluru,Tablet,1,51406,Android Tablet,51406
ORD2231,13-07-2023,CUST653,Male,47,Hyderabad,Accessories,2,52116,Charger,104232
ORD2232,23-04-2023,CUST496,Male,27,Delhi,Accessories,2,4982,Headphones,9964
ORD2233,24-04-2023,CUST724,Female,56,Bengaluru,Accessories,1,73436,Cover,73436
ORD2234,10-08-2023,CUST204,Male,45,Chennai,Tablet,4,40074,Android Tablet,160296
ORD2235,15-06-2023,CUST291,Female,53,Bengaluru,Mobile,3,43784,Feature Phone,131352
ORD2236,15-11-2023,CUST116,Male,30,Delhi,Camera,3,73432,Mirrorless,220296
ORD2237,12-05-2023,CUST219,Female,49,Chennai,Accessories,2,7838,Headphones,15676
ORD2238,21-09-2023,CUST492,Male,53,Mumbai,Tablet,3,43218,iPad,129654
ORD2239,24-02-2023,CUST524,Male,54,Delhi,Mobile,3,13000,Feature Phone,39000
ORD2240,25-12-2023,CUST228,Female,43,Kolkata,Camera,1,12045,DSLR,12045
ORD2241,11-05-2023,CUST229,Female,39,Ahmedabad,Tablet,2,61980,Android Tablet,123960
ORD2242,15-10-2023,CUST671,Female,21,Pune,Camera,4,5741,Mirrorless,22964
ORD2243,23-09-2023,CUST659,Female,48,Delhi,Accessories,2,23321,Charger,46642
ORD2244,11-06-2023,CUST128,Female,35,Chennai,Mobile,1,5195,Feature Phone,5195
ORD2245,28-03-2023,CUST196,Female,55,Hyderabad,Tablet,3,77566,Android Tablet,232698
ORD2246,24-02-2023,CUST109,Male,41,Pune,Mobile,4,14818,Feature Phone,59272
ORD2247,15-10-2023,CUST341,Female,40,Delhi,Accessories,2,51434,Headphones,102868
ORD2248,27-06-2023,CUST925,Male,39,Mumbai,Mobile,3,22831,Smartphone,68493
ORD2249,15-12-2023,CUST331,Male,19,Hyderabad,Mobile,2,53172,Feature Phone,106344
ORD2250,08-01-2023,CUST888,Female,48,Mumbai,Laptop,4,77360,Ultrabook,309440
ORD2251,17-11-2023,CUST383,Male,28,Kolkata,Mobile,2,69254,Smartphone,138508
ORD2252,09-11-2023,CUST814,Female,45,Hyderabad,Camera,2,3337,DSLR,6674
ORD2253,04-09-2023,CUST858,Female,63,Bengaluru,Tablet,2,40577,iPad,81154
ORD2254,19-11-2023,CUST901,Male,49,Ahmedabad,Laptop,3,4739,Ultrabook,14217
ORD2255,12-09-2023,CUST875,Male,22,Hyderabad,Tablet,4,30169,iPad,120676
ORD2256,24-11-2023,CUST825,Female,55,Pune,Tablet,4,49124,Android Tablet,196496
ORD2257,23-02-2023,CUST299,Female,27,Hyderabad,Accessories,3,75647,Headphones,226941
ORD2258,06-09-2023,CUST178,Male,57,Chennai,Accessories,3,4650,Charger,13950
ORD2259,27-08-2023,CUST954,Male,63,Ahmedabad,Laptop,3,11609,Gaming Laptop,34827
ORD2260,17-08-2023,CUST955,Male,41,Chennai,Accessories,1,26516,Headphones,26516
ORD2261,08-03-2023,CUST272,Male,52,Bengaluru,Accessories,2,12436,Charger,24872
ORD2262,20-02-2023,CUST566,Female,61,Hyderabad,Accessories,2,11536,Cover,23072
ORD2263,07-04-2023,CUST680,Female,40,Mumbai,Tablet,4,39736,iPad,158944
ORD2264,02-04-2023,CUST515,Female,34,Mumbai,Laptop,2,14521,Ultrabook,29042
ORD2265,21-09-2023,CUST548,Female,18,Delhi,Tablet,1,37443,Android Tablet,37443
ORD2266,18-10-2023,CUST186,Male,48,Kolkata,Camera,3,50516,DSLR,151548
ORD2267,06-04-2023,CUST200,Male,48,Pune,Tablet,4,23744,iPad,94976
ORD2268,29-03-2023,CUST107,Female,59,Ahmedabad,Camera,4,63527,DSLR,254108
ORD2269,19-03-2023,CUST944,Female,59,Kolkata,Mobile,2,39485,Feature Phone,78970
ORD2270,15-10-2023,CUST299,Female,51,Hyderabad,Mobile,4,2002,Smartphone,8008
ORD2271,30-04-2023,CUST604,Female,26,Kolkata,Camera,3,54336,DSLR,163008
ORD2272,29-10-2023,CUST186,Female,39,Delhi,Camera,4,4270,DSLR,17080
ORD2273,14-06-2023,CUST142,Female,30,Kolkata,Tablet,3,43365,iPad,130095
ORD2274,01-07-2023,CUST484,Female,42,Ahmedabad,Camera,1,54311,DSLR,54311
ORD2275,11-08-2023,CUST720,Female,35,Bengaluru,Laptop,1,4501,Ultrabook,4501
ORD2276,07-11-2023,CUST534,Female,29,Delhi,Mobile,3,61348,Feature Phone,184044
ORD2277,07-01-2023,CUST507,Male,57,Bengaluru,Mobile,2,53135,Feature Phone,106270
ORD2278,26-11-2023,CUST582,Female,34,Hyderabad,Camera,4,21446,DSLR,85784
ORD2279,20-09-2023,CUST763,Male,32,Delhi,Accessories,2,66634,Charger,133268
ORD2280,10-06-2023,CUST116,Male,59,Hyderabad,Accessories,4,44244,Headphones,176976
ORD2281,31-05-2023,CUST744,Female,32,Hyderabad,Camera,1,39659,Mirrorless,39659
ORD2282,26-03-2023,CUST247,Female,32,Kolkata,Laptop,1,24171,Ultrabook,24171
ORD2283,27-05-2023,CUST376,Male,56,Bengaluru,Accessories,1,16950,Cover,16950
ORD2284,22-04-2023,CUST331,Male,30,Hyderabad,Camera,4,15408,Mirrorless,61632
ORD2285,05-02-2023,CUST925,Female,34,Bengaluru,Laptop,1,57775,Gaming Laptop,57775
ORD2286,12-10-2023,CUST465,Male,49,Bengaluru,Laptop,1,44858,Ultrabook,44858
ORD2287,07-07-2023,CUST327,Female,26,Delhi,Tablet,1,49547,iPad,49547
ORD2288,23-03-2023,CUST750,Female,57,Chennai,Laptop,1,36018,Gaming Laptop,36018
ORD2289,02-01-2023,CUST535,Female,37,Kolkata,Accessories,2,58313,Charger,116626
ORD2290,30-10-2023,CUST498,Male,43,Hyderabad,Accessories,1,7306,Cover,7306
ORD2291,16-07-2023,CUST310,Male,44,Bengaluru,Camera,1,41391,DSLR,41391
ORD2292,11-01-2023,CUST490,Female,38,Pune,Camera,2,39720,DSLR,79440
ORD2293,22-08-2023,CUST598,Male,35,Chennai,Laptop,2,17658,Gaming Laptop,35316
ORD2294,14-07-2023,CUST639,Male,30,Hyderabad,Mobile,4,28088,Smartphone,112352
ORD2295,29-04-2023,CUST662,Male,33,Pune,Tablet,3,63076,iPad,189228
ORD2296,20-01-2023,CUST590,Male,26,Kolkata,Mobile,1,24688,Smartphone,24688
ORD2297,18-09-2023,CUST541,Male,29,Kolkata,Laptop,1,59330,Gaming Laptop,59330
ORD2298,20-10-2023,CUST360,Male,61,Bengaluru,Laptop,1,4519,Gaming Laptop,4519
ORD2299,13-09-2023,CUST872,Male,55,Bengaluru,Mobile,4,12919,Feature Phone,51676
ORD2300,10-08-2023,CUST449,Female,36,Ahmedabad,Tablet,1,34197,iPad,34197
ORD2301,14-08-2023,CUST451,Male,24,Ahmedabad,Mobile,3,8473,Smartphone,25419
ORD2302,22-02-2023,CUST619,Male,52,Hyderabad,Camera,2,11636,Mirrorless,23272
ORD2303,21-12-2023,CUST419,Male,35,Delhi,Accessories,4,63002,Charger,252008
ORD2304,08-12-2023,CUST237,Male,33,Chennai,Camera,2,31785,DSLR,63570
ORD2305,30-12-2023,CUST649,Male,56,Hyderabad,Accessories,1,23539,Headphones,23539
ORD2306,07-10-2023,CUST722,Male,21,Chennai,Laptop,1,67220,Ultrabook,67220
ORD2307,22-03-2023,CUST467,Male,42,Bengaluru,Tablet,1,59655,iPad,59655
ORD2308,21-07-2023,CUST319,Male,49,Kolkata,Mobile,3,17411,Feature Phone,52233
ORD2309,07-06-2023,CUST436,Female,57,Bengaluru,Tablet,3,1416,iPad,4248
ORD2310,30-04-2023,CUST322,Male,30,Kolkata,Mobile,4,59552,Smartphone,238208
ORD2311,28-02-2023,CUST747,Male,62,Ahmedabad,Camera,2,69610,Mirrorless,139220
ORD2312,03-08-2023,CUST867,Male,34,Hyderabad,Camera,1,18290,DSLR,18290
ORD2313,08-05-2023,CUST459,Male,54,Ahmedabad,Mobile,1,5706,Feature Phone,5706
ORD2314,12-08-2023,CUST428,Female,23,Kolkata,Tablet,1,50450,Android Tablet,50450
ORD2315,28-07-2023,CUST562,Female,36,Bengaluru,Mobile,1,56861,Feature Phone,56861
ORD2316,25-04-2023,CUST660,Female,30,Ahmedabad,Laptop,3,61951,Gaming Laptop,185853
ORD2317,28-07-2023,CUST903,Female,43,Mumbai,Camera,2,38196,DSLR,76392
ORD2318,14-01-2023,CUST481,Female,31,Chennai,Laptop,2,68726,Gaming Laptop,137452
ORD2319,09-01-2023,CUST935,Female,48,Pune,Camera,4,47228,Mirrorless,188912
ORD2320,09-02-2023,CUST689,Female,21,Kolkata,Camera,3,55901,DSLR,167703
ORD2321,25-08-2023,CUST716,Female,56,Kolkata,Accessories,1,66726,Charger,66726
ORD2322,08-10-2023,CUST268,Female,25,Mumbai,Laptop,2,25603,Gaming Laptop,51206
ORD2323,25-12-2023,CUST316,Female,42,Hyderabad,Laptop,2,34763,Gaming Laptop,69526
ORD2324,20-07-2023,CUST477,Female,30,Hyderabad,Accessories,3,77121,Charger,231363
ORD2325,03-09-2023,CUST218,Female,49,Hyderabad,Tablet,4,50544,Android Tablet,202176
ORD2326,05-10-2023,CUST289,Female,55,Pune,Laptop,4,58230,Ultrabook,232920
ORD2327,23-08-2023,CUST866,Female,55,Delhi,Mobile,1,26325,Feature Phone,26325
ORD2328,04-01-2023,CUST469,Female,45,Mumbai,Accessories,4,76756,Charger,307024
ORD2329,03-06-2023,CUST877,Female,47,Pune,Laptop,2,37771,Ultrabook,75542
ORD2330,29-01-2023,CUST248,Male,20,Ahmedabad,Tablet,4,77756,Android Tablet,311024
ORD2331,19-04-2023,CUST775,Female,45,Mumbai,Laptop,1,47232,Gaming Laptop,47232
ORD2332,08-04-2023,CUST751,Male,20,Kolkata,Camera,2,66933,Mirrorless,133866
ORD2333,03-08-2023,CUST958,Female,62,Chennai,Mobile,4,24072,Smartphone,96288
ORD2334,20-10-2023,CUST587,Female,51,Mumbai,Accessories,4,39046,Cover,156184
ORD2335,16-03-2023,CUST869,Male,33,Delhi,Camera,3,15650,Mirrorless,46950
ORD2336,22-11-2023,CUST473,Female,39,Bengaluru,Tablet,1,54665,Android Tablet,54665
ORD2337,26-05-2023,CUST880,Male,49,Ahmedabad,Camera,4,64190,Mirrorless,256760
ORD2338,08-05-2023,CUST792,Male,55,Pune,Camera,3,54164,DSLR,162492
ORD2339,07-12-2023,CUST259,Male,25,Ahmedabad,Tablet,2,75699,Android Tablet,151398
ORD2340,11-02-2023,CUST450,Female,25,Ahmedabad,Camera,3,37448,Mirrorless,112344
ORD2341,22-12-2023,CUST387,Female,23,Mumbai,Accessories,3,37530,Cover,112590
ORD2342,10-02-2023,CUST387,Female,31,Mumbai,Laptop,4,27507,Gaming Laptop,110028
ORD2343,03-02-2023,CUST991,Male,49,Delhi,Camera,4,77272,Mirrorless,309088
ORD2344,17-01-2023,CUST325,Male,52,Chennai,Accessories,4,22524,Headphones,90096
ORD2345,14-06-2023,CUST622,Female,27,Mumbai,Laptop,3,39884,Ultrabook,119652
ORD2346,02-06-2023,CUST621,Female,20,Mumbai,Laptop,2,18657,Gaming Laptop,37314
ORD2347,17-03-2023,CUST882,Female,29,Chennai,Camera,1,2256,Mirrorless,2256
ORD2348,28-03-2023,CUST372,Female,48,Delhi,Accessories,3,68612,Charger,205836
ORD2349,27-04-2023,CUST501,Female,46,Pune,Camera,4,58551,Mirrorless,234204
ORD2350,28-12-2023,CUST282,Male,22,Ahmedabad,Tablet,1,65095,iPad,65095
ORD2351,08-12-2023,CUST764,Male,42,Pune,Laptop,2,78710,Ultrabook,157420
ORD2352,27-01-2023,CUST587,Male,58,Mumbai,Camera,1,43594,DSLR,43594
ORD2353,09-11-2023,CUST926,Female,48,Chennai,Laptop,4,5035,Gaming Laptop,20140
ORD2354,14-10-2023,CUST945,Male,38,Mumbai,Accessories,3,56535,Cover,169605
ORD2355,14-05-2023,CUST223,Male,37,Hyderabad,Mobile,3,47867,Feature Phone,143601
ORD2356,07-08-2023,CUST725,Male,56,Bengaluru,Camera,4,17618,DSLR,70472
ORD2357,17-06-2023,CUST889,Male,39,Pune,Camera,3,60312,DSLR,180936
ORD2358,08-04-2023,CUST513,Male,21,Hyderabad,Laptop,4,60384,Ultrabook,241536
ORD2359,25-09-2023,CUST824,Female,30,Kolkata,Accessories,3,66668,Cover,200004
ORD2360,25-08-2023,CUST271,Male,62,Bengaluru,Tablet,3,13780,Android Tablet,41340
ORD2361,05-11-2023,CUST387,Female,59,Mumbai,Accessories,3,15246,Cover,45738
ORD2362,22-06-2023,CUST534,Female,37,Delhi,Camera,2,53751,DSLR,107502
ORD2363,09-07-2023,CUST785,Female,30,Pune,Tablet,2,10707,iPad,21414
ORD2364,02-05-2023,CUST212,Female,34,Kolkata,Accessories,4,71627,Cover,286508
ORD2365,15-02-2023,CUST987,Female,53,Bengaluru,Mobile,2,28257,Feature Phone,56514
ORD2366,05-03-2023,CUST221,Male,50,Pune,Laptop,4,16726,Ultrabook,66904
ORD2367,10-05-2023,CUST643,Male,18,Chennai,Accessories,1,61907,Cover,61907
ORD2368,06-11-2023,CUST321,Female,32,Delhi,Accessories,1,27706,Headphones,27706
ORD2369,29-12-2023,CUST730,Female,30,Bengaluru,Mobile,2,20756,Feature Phone,41512
ORD2370,12-07-2023,CUST138,Female,34,Chennai,Camera,1,34322,Mirrorless,34322
ORD2371,03-11-2023,CUST596,Male,41,Hyderabad,Laptop,1,41840,Gaming Laptop,41840
ORD2372,30-06-2023,CUST879,Female,25,Mumbai,Accessories,3,52734,Headphones,158202
ORD2373,19-10-2023,CUST332,Male,44,Chennai,Tablet,3,43851,Android Tablet,131553
ORD2374,09-10-2023,CUST629,Female,62,Bengaluru,Accessories,4,49171,Charger,196684
ORD2375,29-01-2023,CUST248,Male,40,Ahmedabad,Laptop,1,75820,Ultrabook,75820
ORD2376,29-05-2023,CUST496,Female,63,Bengaluru,Accessories,4,35657,Cover,142628
ORD2377,24-09-2023,CUST760,Male,25,Ahmedabad,Mobile,4,20437,Smartphone,81748
ORD2378,23-10-2023,CUST737,Female,25,Hyderabad,Accessories,1,54790,Headphones,54790
ORD2379,11-01-2023,CUST401,Male,43,Mumbai,Accessories,2,47207,Charger,94414
ORD2380,13-06-2023,CUST459,Male,64,Ahmedabad,Tablet,1,11719,iPad,11719
ORD2381,23-04-2023,CUST337,Male,30,Ahmedabad,Mobile,3,9899,Smartphone,29697
ORD2382,06-07-2023,CUST746,Male,56,Chennai,Mobile,1,28157,Smartphone,28157
ORD2383,22-10-2023,CUST762,Male,54,Chennai,Accessories,2,20547,Charger,41094
ORD2384,20-08-2023,CUST335,Male,45,Mumbai,Tablet,4,76595,Android Tablet,306380
ORD2385,15-08-2023,CUST835,Male,42,Chennai,Accessories,4,72654,Headphones,290616
ORD2386,06-11-2023,CUST302,Female,33,Pune,Accessories,3,45391,Headphones,136173
ORD2387,08-04-2023,CUST355,Female,19,Mumbai,Laptop,3,7280,Ultrabook,21840
ORD2388,24-02-2023,CUST697,Female,35,Delhi,Laptop,3,27550,Gaming Laptop,82650
ORD2389,21-04-2023,CUST761,Female,34,Ahmedabad,Tablet,4,74051,iPad,296204
ORD2390,01-06-2023,CUST334,Female,47,Bengaluru,Camera,3,69166,Mirrorless,207498
ORD2391,03-09-2023,CUST444,Male,56,Delhi,Laptop,1,53510,Gaming Laptop,53510
ORD2392,10-03-2023,CUST633,Male,30,Ahmedabad,Camera,4,38665,DSLR,154660
ORD2393,08-11-2023,CUST959,Male,49,Pune,Mobile,2,12028,Feature Phone,24056
ORD2394,16-10-2023,CUST896,Male,46,Ahmedabad,Laptop,4,50108,Gaming Laptop,200432
ORD2395,07-09-2023,CUST880,Male,63,Ahmedabad,Laptop,1,6414,Ultrabook,6414
ORD2396,05-02-2023,CUST565,Female,47,Ahmedabad,Tablet,1,37636,Android Tablet,37636
ORD2397,27-08-2023,CUST869,Female,35,Hyderabad,Camera,3,11679,DSLR,35037
ORD2398,28-05-2023,CUST640,Female,30,Pune,Laptop,4,12576,Gaming Laptop,50304
ORD2399,15-08-2023,CUST312,Female,60,Kolkata,Laptop,4,25283,Gaming Laptop,101132
ORD2400,01-09-2023,CUST562,Male,38,Kolkata,Tablet,4,47216,iPad,188864
ORD2401,03-12-2023,CUST535,Male,47,Kolkata,Tablet,2,50798,iPad,101596
ORD2402,31-12-2023,CUST382,Male,38,Mumbai,Camera,3,54804,Mirrorless,164412
ORD2403,20-07-2023,CUST661,Female,34,Chennai,Mobile,1,79860,Smartphone,79860
ORD2404,03-06-2023,CUST706,Male,57,Pune,Mobile,1,70335,Feature Phone,70335
ORD2405,14-03-2023,CUST562,Female,36,Delhi,Accessories,3,8618,Cover,25854
ORD2406,20-07-2023,CUST506,Male,32,Hyderabad,Laptop,1,76792,Ultrabook,76792
ORD2407,23-10-2023,CUST187,Male,26,Delhi,Camera,1,57411,DSLR,57411
ORD2408,17-01-2023,CUST143,Female,27,Delhi,Laptop,3,73989,Gaming Laptop,221967
ORD2409,09-05-2023,CUST560,Male,61,Delhi,Camera,1,15685,Mirrorless,15685
ORD2410,05-08-2023,CUST377,Male,48,Hyderabad,Camera,4,42292,DSLR,169168
ORD2411,02-03-2023,CUST782,Female,40,Kolkata,Camera,2,51113,Mirrorless,102226
ORD2412,14-04-2023,CUST520,Male,47,Delhi,Laptop,3,34427,Ultrabook,103281
ORD2413,11-02-2023,CUST800,Female,50,Hyderabad,Tablet,2,886,iPad,1772
ORD2414,25-01-2023,CUST452,Male,26,Hyderabad,Laptop,1,73228,Ultrabook,73228
ORD2415,08-02-2023,CUST795,Male,64,Chennai,Camera,1,76781,Mirrorless,76781
ORD2416,18-10-2023,CUST614,Male,18,Hyderabad,Accessories,4,30520,Cover,122080
ORD2417,11-05-2023,CUST802,Male,61,Kolkata,Mobile,3,43178,Feature Phone,129534
ORD2418,17-08-2023,CUST729,Male,52,Delhi,Camera,1,61894,DSLR,61894
ORD2419,18-04-2023,CUST118,Male,28,Hyderabad,Accessories,3,69445,Charger,208335
ORD2420,21-06-2023,CUST122,Male,51,Mumbai,Tablet,3,56914,iPad,170742
ORD2421,12-04-2023,CUST512,Male,33,Hyderabad,Camera,3,55316,Mirrorless,165948
ORD2422,20-12-2023,CUST129,Female,26,Bengaluru,Accessories,3,56418,Cover,169254
ORD2423,12-01-2023,CUST906,Female,49,Bengaluru,Camera,3,63194,DSLR,189582
ORD2424,02-10-2023,CUST207,Male,32,Bengaluru,Laptop,2,29955,Gaming Laptop,59910
ORD2425,11-04-2023,CUST466,Male,29,Hyderabad,Accessories,4,39235,Headphones,156940
ORD2426,13-02-2023,CUST380,Female,50,Kolkata,Laptop,3,12609,Ultrabook,37827
ORD2427,01-11-2023,CUST227,Male,62,Delhi,Laptop,2,46302,Ultrabook,92604
ORD2428,17-01-2023,CUST328,Male,31,Pune,Accessories,1,68520,Headphones,68520
ORD2429,26-11-2023,CUST210,Female,25,Pune,Mobile,3,35122,Smartphone,105366
ORD2430,26-02-2023,CUST235,Male,25,Pune,Accessories,1,3097,Cover,3097
ORD2431,07-11-2023,CUST461,Male,44,Kolkata,Mobile,3,41097,Feature Phone,123291
ORD2432,30-10-2023,CUST285,Female,29,Chennai,Camera,2,41454,DSLR,82908
ORD2433,12-01-2023,CUST755,Male,18,Ahmedabad,Camera,2,70019,DSLR,140038
ORD2434,14-11-2023,CUST683,Male,60,Mumbai,Accessories,2,56615,Headphones,113230
ORD2435,21-03-2023,CUST228,Female,57,Mumbai,Camera,4,43651,Mirrorless,174604
ORD2436,04-08-2023,CUST975,Male,59,Bengaluru,Tablet,1,17540,iPad,17540
ORD2437,05-12-2023,CUST360,Female,28,Bengaluru,Laptop,4,45272,Ultrabook,181088
ORD2438,21-09-2023,CUST614,Male,56,Hyderabad,Laptop,3,64332,Ultrabook,192996
ORD2439,29-05-2023,CUST548,Male,60,Pune,Mobile,1,28416,Feature Phone,28416
ORD2440,22-03-2023,CUST203,Female,48,Hyderabad,Camera,2,45371,DSLR,90742
ORD2441,03-08-2023,CUST582,Female,34,Ahmedabad,Mobile,1,26872,Smartphone,26872
ORD2442,17-07-2023,CUST323,Male,50,Pune,Laptop,2,62207,Ultrabook,124414
ORD2443,19-07-2023,CUST931,Female,49,Bengaluru,Laptop,4,39580,Ultrabook,158320
ORD2444,25-01-2023,CUST973,Female,46,Delhi,Camera,4,43222,DSLR,172888
ORD2445,30-03-2023,CUST965,Male,38,Chennai,Tablet,2,29548,Android Tablet,59096
ORD2446,25-09-2023,CUST590,Male,38,Hyderabad,Tablet,2,10277,iPad,20554
ORD2447,23-05-2023,CUST572,Male,57,Chennai,Camera,3,55211,DSLR,165633
ORD2448,28-02-2023,CUST109,Female,40,Chennai,Camera,4,36831,DSLR,147324
ORD2449,31-12-2023,CUST504,Female,23,Chennai,Mobile,4,21468,Feature Phone,85872
ORD2450,26-01-2023,CUST995,Female,39,Bengaluru,Camera,3,54469,DSLR,163407
ORD2451,16-02-2023,CUST401,Female,55,Mumbai,Tablet,4,11792,Android Tablet,47168
ORD2452,15-10-2023,CUST330,Male,54,Bengaluru,Camera,2,41294,DSLR,82588
ORD2453,23-09-2023,CUST830,Female,62,Chennai,Mobile,1,79959,Smartphone,79959
ORD2454,16-01-2023,CUST165,Male,25,Bengaluru,Mobile,1,50692,Feature Phone,50692
ORD2455,18-07-2023,CUST211,Female,58,Chennai,Mobile,4,28203,Smartphone,112812
ORD2456,09-10-2023,CUST112,Male,52,Kolkata,Mobile,3,69665,Feature Phone,208995
ORD2457,27-03-2023,CUST492,Male,28,Pune,Accessories,2,68150,Headphones,136300
ORD2458,07-09-2023,CUST599,Male,41,Mumbai,Camera,1,57016,Mirrorless,57016
ORD2459,27-09-2023,CUST697,Female,38,Kolkata,Laptop,2,22757,Ultrabook,45514
ORD2460,01-12-2023,CUST333,Male,19,Delhi,Camera,4,52172,DSLR,208688
ORD2461,27-04-2023,CUST701,Male,57,Bengaluru,Accessories,4,63808,Charger,255232
ORD2462,07-01-2023,CUST413,Female,36,Delhi,Mobile,1,78083,Feature Phone,78083
ORD2463,17-05-2023,CUST665,Male,56,Hyderabad,Accessories,4,22613,Charger,90452
ORD2464,25-06-2023,CUST111,Female,45,Bengaluru,Tablet,3,1194,Android Tablet,3582
ORD2465,24-11-2023,CUST308,Female,34,Ahmedabad,Tablet,4,16088,iPad,64352
ORD2466,11-11-2023,CUST113,Male,23,Ahmedabad,Camera,4,62256,Mirrorless,249024
ORD2467,03-08-2023,CUST732,Male,36,Pune,Camera,4,64585,DSLR,258340
ORD2468,23-03-2023,CUST517,Female,55,Kolkata,Laptop,2,61642,Gaming Laptop,123284
ORD2469,11-08-2023,CUST536,Male,45,Pune,Laptop,2,64873,Ultrabook,129746
ORD2470,13-04-2023,CUST476,Female,19,Hyderabad,Tablet,1,7204,Android Tablet,7204
ORD2471,30-09-2023,CUST119,Female,55,Chennai,Mobile,1,40636,Smartphone,40636
ORD2472,14-01-2023,CUST686,Female,54,Pune,Accessories,1,68007,Cover,68007
ORD2473,08-06-2023,CUST854,Male,21,Pune,Laptop,4,47861,Gaming Laptop,191444
ORD2474,01-06-2023,CUST834,Female,39,Ahmedabad,Laptop,2,59347,Gaming Laptop,118694
ORD2475,18-04-2023,CUST169,Male,43,Chennai,Mobile,3,11941,Smartphone,35823
ORD2476,07-07-2023,CUST923,Male,60,Ahmedabad,Mobile,4,15177,Feature Phone,60708
ORD2477,28-10-2023,CUST310,Male,53,Bengaluru,Camera,4,28318,Mirrorless,113272
ORD2478,08-04-2023,CUST200,Male,30,Chennai,Accessories,4,2368,Cover,9472
ORD2479,11-05-2023,CUST797,Female,49,Kolkata,Mobile,3,67764,Smartphone,203292
ORD2480,20-10-2023,CUST231,Male,34,Pune,Laptop,1,73668,Ultrabook,73668
ORD2481,20-06-2023,CUST722,Female,58,Ahmedabad,Laptop,3,12543,Gaming Laptop,37629
ORD2482,02-07-2023,CUST480,Female,53,Chennai,Tablet,1,72439,iPad,72439
ORD2483,30-12-2023,CUST231,Male,63,Hyderabad,Mobile,3,16232,Smartphone,48696
ORD2484,08-02-2023,CUST119,Female,36,Hyderabad,Camera,2,55744,Mirrorless,111488
ORD2485,15-01-2023,CUST635,Female,52,Pune,Accessories,4,19026,Headphones,76104
ORD2486,04-01-2023,CUST326,Male,63,Kolkata,Camera,4,9840,DSLR,39360
ORD2487,15-12-2023,CUST253,Female,57,Delhi,Laptop,4,22894,Gaming Laptop,91576
ORD2488,29-07-2023,CUST904,Female,45,Ahmedabad,Camera,1,4602,DSLR,4602
ORD2489,10-06-2023,CUST841,Female,18,Kolkata,Laptop,3,19659,Ultrabook,58977
ORD2490,16-01-2023,CUST568,Female,59,Mumbai,Laptop,2,65592,Gaming Laptop,131184
ORD2491,18-04-2023,CUST921,Male,35,Mumbai,Laptop,3,6712,Ultrabook,20136
ORD2492,07-11-2023,CUST970,Female,57,Mumbai,Laptop,4,37905,Gaming Laptop,151620
ORD2493,15-08-2023,CUST504,Female,50,Pune,Laptop,2,77561,Ultrabook,155122
ORD2494,19-06-2023,CUST301,Female,29,Hyderabad,Tablet,2,55686,Android Tablet,111372
ORD2495,03-02-2023,CUST137,Female,25,Bengaluru,Camera,4,44739,DSLR,178956
ORD2496,08-09-2023,CUST871,Male,41,Ahmedabad,Tablet,3,11032,iPad,33096
ORD2497,04-09-2023,CUST287,Female,33,Hyderabad,Tablet,4,79554,Android Tablet,318216
ORD2498,26-09-2023,CUST156,Male,21,Bengaluru,Mobile,3,72512,Smartphone,217536
ORD2499,21-05-2023,CUST119,Female,55,Bengaluru,Mobile,2,67040,Smartphone,134080
